match_id,match_date,team,opponent,statsbomb_matches_before,has_statsbomb_features,statsbomb_xg_for_last_3,statsbomb_xg_against_last_3,statsbomb_non_penalty_xg_for_last_3,statsbomb_non_penalty_xg_against_last_3,statsbomb_shots_for_last_3,statsbomb_shots_against_last_3,statsbomb_box_entries_for_last_3,statsbomb_box_entries_against_last_3,statsbomb_pressures_for_last_3,statsbomb_xg_diff_last_3,statsbomb_non_penalty_xg_diff_last_3,statsbomb_shot_diff_last_3,statsbomb_box_entry_diff_last_3,statsbomb_pressure_diff_last_3,statsbomb_xg_for_last_5,statsbomb_xg_against_last_5,statsbomb_non_penalty_xg_for_last_5,statsbomb_non_penalty_xg_against_last_5,statsbomb_shots_for_last_5,statsbomb_shots_against_last_5,statsbomb_box_entries_for_last_5,statsbomb_box_entries_against_last_5,statsbomb_pressures_for_last_5,statsbomb_xg_diff_last_5,statsbomb_non_penalty_xg_diff_last_5,statsbomb_shot_diff_last_5,statsbomb_box_entry_diff_last_5,statsbomb_pressure_diff_last_5
7525,2018-06-14,Russia,Saudi Arabia,0.0,0.0,1.283776538769922,1.283776538769922,1.1246281012699217,1.1246281012699217,12.1875,12.1875,9.6171875,9.6171875,156.30859375,0.0,0.0,0.0,0.0,0.0,1.283776538769922,1.283776538769922,1.1246281012699217,1.1246281012699217,12.1875,12.1875,9.6171875,9.6171875,156.30859375,0.0,0.0,0.0,0.0,0.0
7525,2018-06-14,Saudi Arabia,Russia,0.0,0.0,1.283776538769922,1.283776538769922,1.1246281012699217,1.1246281012699217,12.1875,12.1875,9.6171875,9.6171875,156.30859375,0.0,0.0,0.0,0.0,0.0,1.283776538769922,1.283776538769922,1.1246281012699217,1.1246281012699217,12.1875,12.1875,9.6171875,9.6171875,156.30859375,0.0,0.0,0.0,0.0,0.0
7576,2018-06-15,Portugal,Spain,0.0,0.0,1.283776538769922,1.283776538769922,1.1246281012699217,1.1246281012699217,12.1875,12.1875,9.6171875,9.6171875,156.30859375,0.0,0.0,0.0,0.0,0.0,1.283776538769922,1.283776538769922,1.1246281012699217,1.1246281012699217,12.1875,12.1875,9.6171875,9.6171875,156.30859375,0.0,0.0,0.0,0.0,0.0
7576,2018-06-15,Spain,Portugal,0.0,0.0,1.283776538769922,1.283776538769922,1.1246281012699217,1.1246281012699217,12.1875,12.1875,9.6171875,9.6171875,156.30859375,0.0,0.0,0.0,0.0,0.0,1.283776538769922,1.283776538769922,1.1246281012699217,1.1246281012699217,12.1875,12.1875,9.6171875,9.6171875,156.30859375,0.0,0.0,0.0,0.0,0.0
7577,2018-06-15,Iran,Morocco,0.0,0.0,1.283776538769922,1.283776538769922,1.1246281012699217,1.1246281012699217,12.1875,12.1875,9.6171875,9.6171875,156.30859375,0.0,0.0,0.0,0.0,0.0,1.283776538769922,1.283776538769922,1.1246281012699217,1.1246281012699217,12.1875,12.1875,9.6171875,9.6171875,156.30859375,0.0,0.0,0.0,0.0,0.0
7577,2018-06-15,Morocco,Iran,0.0,0.0,1.283776538769922,1.283776538769922,1.1246281012699217,1.1246281012699217,12.1875,12.1875,9.6171875,9.6171875,156.30859375,0.0,0.0,0.0,0.0,0.0,1.283776538769922,1.283776538769922,1.1246281012699217,1.1246281012699217,12.1875,12.1875,9.6171875,9.6171875,156.30859375,0.0,0.0,0.0,0.0,0.0
7578,2018-06-15,Egypt,Uruguay,0.0,0.0,1.283776538769922,1.283776538769922,1.1246281012699217,1.1246281012699217,12.1875,12.1875,9.6171875,9.6171875,156.30859375,0.0,0.0,0.0,0.0,0.0,1.283776538769922,1.283776538769922,1.1246281012699217,1.1246281012699217,12.1875,12.1875,9.6171875,9.6171875,156.30859375,0.0,0.0,0.0,0.0,0.0
7578,2018-06-15,Uruguay,Egypt,0.0,0.0,1.283776538769922,1.283776538769922,1.1246281012699217,1.1246281012699217,12.1875,12.1875,9.6171875,9.6171875,156.30859375,0.0,0.0,0.0,0.0,0.0,1.283776538769922,1.283776538769922,1.1246281012699217,1.1246281012699217,12.1875,12.1875,9.6171875,9.6171875,156.30859375,0.0,0.0,0.0,0.0,0.0
7529,2018-06-16,Croatia,Nigeria,0.0,0.0,1.283776538769922,1.283776538769922,1.1246281012699217,1.1246281012699217,12.1875,12.1875,9.6171875,9.6171875,156.30859375,0.0,0.0,0.0,0.0,0.0,1.283776538769922,1.283776538769922,1.1246281012699217,1.1246281012699217,12.1875,12.1875,9.6171875,9.6171875,156.30859375,0.0,0.0,0.0,0.0,0.0
7529,2018-06-16,Nigeria,Croatia,0.0,0.0,1.283776538769922,1.283776538769922,1.1246281012699217,1.1246281012699217,12.1875,12.1875,9.6171875,9.6171875,156.30859375,0.0,0.0,0.0,0.0,0.0,1.283776538769922,1.283776538769922,1.1246281012699217,1.1246281012699217,12.1875,12.1875,9.6171875,9.6171875,156.30859375,0.0,0.0,0.0,0.0,0.0
7530,2018-06-16,Australia,France,0.0,0.0,1.283776538769922,1.283776538769922,1.1246281012699217,1.1246281012699217,12.1875,12.1875,9.6171875,9.6171875,156.30859375,0.0,0.0,0.0,0.0,0.0,1.283776538769922,1.283776538769922,1.1246281012699217,1.1246281012699217,12.1875,12.1875,9.6171875,9.6171875,156.30859375,0.0,0.0,0.0,0.0,0.0
7530,2018-06-16,France,Australia,0.0,0.0,1.283776538769922,1.283776538769922,1.1246281012699217,1.1246281012699217,12.1875,12.1875,9.6171875,9.6171875,156.30859375,0.0,0.0,0.0,0.0,0.0,1.283776538769922,1.283776538769922,1.1246281012699217,1.1246281012699217,12.1875,12.1875,9.6171875,9.6171875,156.30859375,0.0,0.0,0.0,0.0,0.0
7531,2018-06-16,Argentina,Iceland,0.0,0.0,1.283776538769922,1.283776538769922,1.1246281012699217,1.1246281012699217,12.1875,12.1875,9.6171875,9.6171875,156.30859375,0.0,0.0,0.0,0.0,0.0,1.283776538769922,1.283776538769922,1.1246281012699217,1.1246281012699217,12.1875,12.1875,9.6171875,9.6171875,156.30859375,0.0,0.0,0.0,0.0,0.0
7531,2018-06-16,Iceland,Argentina,0.0,0.0,1.283776538769922,1.283776538769922,1.1246281012699217,1.1246281012699217,12.1875,12.1875,9.6171875,9.6171875,156.30859375,0.0,0.0,0.0,0.0,0.0,1.283776538769922,1.283776538769922,1.1246281012699217,1.1246281012699217,12.1875,12.1875,9.6171875,9.6171875,156.30859375,0.0,0.0,0.0,0.0,0.0
7532,2018-06-16,Denmark,Peru,0.0,0.0,1.283776538769922,1.283776538769922,1.1246281012699217,1.1246281012699217,12.1875,12.1875,9.6171875,9.6171875,156.30859375,0.0,0.0,0.0,0.0,0.0,1.283776538769922,1.283776538769922,1.1246281012699217,1.1246281012699217,12.1875,12.1875,9.6171875,9.6171875,156.30859375,0.0,0.0,0.0,0.0,0.0
7532,2018-06-16,Peru,Denmark,0.0,0.0,1.283776538769922,1.283776538769922,1.1246281012699217,1.1246281012699217,12.1875,12.1875,9.6171875,9.6171875,156.30859375,0.0,0.0,0.0,0.0,0.0,1.283776538769922,1.283776538769922,1.1246281012699217,1.1246281012699217,12.1875,12.1875,9.6171875,9.6171875,156.30859375,0.0,0.0,0.0,0.0,0.0
7533,2018-06-17,Brazil,Switzerland,0.0,0.0,1.283776538769922,1.283776538769922,1.1246281012699217,1.1246281012699217,12.1875,12.1875,9.6171875,9.6171875,156.30859375,0.0,0.0,0.0,0.0,0.0,1.283776538769922,1.283776538769922,1.1246281012699217,1.1246281012699217,12.1875,12.1875,9.6171875,9.6171875,156.30859375,0.0,0.0,0.0,0.0,0.0
7533,2018-06-17,Switzerland,Brazil,0.0,0.0,1.283776538769922,1.283776538769922,1.1246281012699217,1.1246281012699217,12.1875,12.1875,9.6171875,9.6171875,156.30859375,0.0,0.0,0.0,0.0,0.0,1.283776538769922,1.283776538769922,1.1246281012699217,1.1246281012699217,12.1875,12.1875,9.6171875,9.6171875,156.30859375,0.0,0.0,0.0,0.0,0.0
7534,2018-06-17,Germany,Mexico,0.0,0.0,1.283776538769922,1.283776538769922,1.1246281012699217,1.1246281012699217,12.1875,12.1875,9.6171875,9.6171875,156.30859375,0.0,0.0,0.0,0.0,0.0,1.283776538769922,1.283776538769922,1.1246281012699217,1.1246281012699217,12.1875,12.1875,9.6171875,9.6171875,156.30859375,0.0,0.0,0.0,0.0,0.0
7534,2018-06-17,Mexico,Germany,0.0,0.0,1.283776538769922,1.283776538769922,1.1246281012699217,1.1246281012699217,12.1875,12.1875,9.6171875,9.6171875,156.30859375,0.0,0.0,0.0,0.0,0.0,1.283776538769922,1.283776538769922,1.1246281012699217,1.1246281012699217,12.1875,12.1875,9.6171875,9.6171875,156.30859375,0.0,0.0,0.0,0.0,0.0
7535,2018-06-17,Costa Rica,Serbia,0.0,0.0,1.283776538769922,1.283776538769922,1.1246281012699217,1.1246281012699217,12.1875,12.1875,9.6171875,9.6171875,156.30859375,0.0,0.0,0.0,0.0,0.0,1.283776538769922,1.283776538769922,1.1246281012699217,1.1246281012699217,12.1875,12.1875,9.6171875,9.6171875,156.30859375,0.0,0.0,0.0,0.0,0.0
7535,2018-06-17,Serbia,Costa Rica,0.0,0.0,1.283776538769922,1.283776538769922,1.1246281012699217,1.1246281012699217,12.1875,12.1875,9.6171875,9.6171875,156.30859375,0.0,0.0,0.0,0.0,0.0,1.283776538769922,1.283776538769922,1.1246281012699217,1.1246281012699217,12.1875,12.1875,9.6171875,9.6171875,156.30859375,0.0,0.0,0.0,0.0,0.0
7536,2018-06-18,Belgium,Panama,0.0,0.0,1.283776538769922,1.283776538769922,1.1246281012699217,1.1246281012699217,12.1875,12.1875,9.6171875,9.6171875,156.30859375,0.0,0.0,0.0,0.0,0.0,1.283776538769922,1.283776538769922,1.1246281012699217,1.1246281012699217,12.1875,12.1875,9.6171875,9.6171875,156.30859375,0.0,0.0,0.0,0.0,0.0
7536,2018-06-18,Panama,Belgium,0.0,0.0,1.283776538769922,1.283776538769922,1.1246281012699217,1.1246281012699217,12.1875,12.1875,9.6171875,9.6171875,156.30859375,0.0,0.0,0.0,0.0,0.0,1.283776538769922,1.283776538769922,1.1246281012699217,1.1246281012699217,12.1875,12.1875,9.6171875,9.6171875,156.30859375,0.0,0.0,0.0,0.0,0.0
7537,2018-06-18,England,Tunisia,0.0,0.0,1.283776538769922,1.283776538769922,1.1246281012699217,1.1246281012699217,12.1875,12.1875,9.6171875,9.6171875,156.30859375,0.0,0.0,0.0,0.0,0.0,1.283776538769922,1.283776538769922,1.1246281012699217,1.1246281012699217,12.1875,12.1875,9.6171875,9.6171875,156.30859375,0.0,0.0,0.0,0.0,0.0
7537,2018-06-18,Tunisia,England,0.0,0.0,1.283776538769922,1.283776538769922,1.1246281012699217,1.1246281012699217,12.1875,12.1875,9.6171875,9.6171875,156.30859375,0.0,0.0,0.0,0.0,0.0,1.283776538769922,1.283776538769922,1.1246281012699217,1.1246281012699217,12.1875,12.1875,9.6171875,9.6171875,156.30859375,0.0,0.0,0.0,0.0,0.0
7538,2018-06-18,South Korea,Sweden,0.0,0.0,1.283776538769922,1.283776538769922,1.1246281012699217,1.1246281012699217,12.1875,12.1875,9.6171875,9.6171875,156.30859375,0.0,0.0,0.0,0.0,0.0,1.283776538769922,1.283776538769922,1.1246281012699217,1.1246281012699217,12.1875,12.1875,9.6171875,9.6171875,156.30859375,0.0,0.0,0.0,0.0,0.0
7538,2018-06-18,Sweden,South Korea,0.0,0.0,1.283776538769922,1.283776538769922,1.1246281012699217,1.1246281012699217,12.1875,12.1875,9.6171875,9.6171875,156.30859375,0.0,0.0,0.0,0.0,0.0,1.283776538769922,1.283776538769922,1.1246281012699217,1.1246281012699217,12.1875,12.1875,9.6171875,9.6171875,156.30859375,0.0,0.0,0.0,0.0,0.0
7539,2018-06-19,Poland,Senegal,0.0,0.0,1.283776538769922,1.283776538769922,1.1246281012699217,1.1246281012699217,12.1875,12.1875,9.6171875,9.6171875,156.30859375,0.0,0.0,0.0,0.0,0.0,1.283776538769922,1.283776538769922,1.1246281012699217,1.1246281012699217,12.1875,12.1875,9.6171875,9.6171875,156.30859375,0.0,0.0,0.0,0.0,0.0
7539,2018-06-19,Senegal,Poland,0.0,0.0,1.283776538769922,1.283776538769922,1.1246281012699217,1.1246281012699217,12.1875,12.1875,9.6171875,9.6171875,156.30859375,0.0,0.0,0.0,0.0,0.0,1.283776538769922,1.283776538769922,1.1246281012699217,1.1246281012699217,12.1875,12.1875,9.6171875,9.6171875,156.30859375,0.0,0.0,0.0,0.0,0.0
7540,2018-06-19,Egypt,Russia,1.0,1.0,0.364488455,1.9408185929999997,0.364488455,1.9408185929999997,8.0,16.0,8.0,11.0,166.0,-1.5763301379999994,-1.5763301379999994,-8.0,-3.0,47.0,0.364488455,1.9408185929999997,0.364488455,1.9408185929999997,8.0,16.0,8.0,11.0,166.0,-1.5763301379999994,-1.5763301379999994,-8.0,-3.0,47.0
7540,2018-06-19,Russia,Egypt,1.0,1.0,1.2816009420000003,0.2488064999999999,1.2816009420000003,0.2488064999999999,14.0,6.0,16.0,4.0,147.0,1.0327944420000004,1.0327944420000004,8.0,12.0,26.0,1.2816009420000003,0.2488064999999999,1.2816009420000003,0.2488064999999999,14.0,6.0,16.0,4.0,147.0,1.0327944420000004,1.0327944420000004,8.0,12.0,26.0
7541,2018-06-19,Colombia,Japan,0.0,0.0,1.283776538769922,1.283776538769922,1.1246281012699217,1.1246281012699217,12.1875,12.1875,9.6171875,9.6171875,156.30859375,0.0,0.0,0.0,0.0,0.0,1.283776538769922,1.283776538769922,1.1246281012699217,1.1246281012699217,12.1875,12.1875,9.6171875,9.6171875,156.30859375,0.0,0.0,0.0,0.0,0.0
7541,2018-06-19,Japan,Colombia,0.0,0.0,1.283776538769922,1.283776538769922,1.1246281012699217,1.1246281012699217,12.1875,12.1875,9.6171875,9.6171875,156.30859375,0.0,0.0,0.0,0.0,0.0,1.283776538769922,1.283776538769922,1.1246281012699217,1.1246281012699217,12.1875,12.1875,9.6171875,9.6171875,156.30859375,0.0,0.0,0.0,0.0,0.0
7542,2018-06-20,Morocco,Portugal,1.0,1.0,1.0591950265,0.6975558777,1.0591950265,0.6975558777,14.0,8.0,8.0,2.0,149.0,0.3616391487999998,0.3616391487999998,6.0,6.0,-59.0,1.0591950265,0.6975558777,1.0591950265,0.6975558777,14.0,8.0,8.0,2.0,149.0,0.3616391487999998,0.3616391487999998,6.0,6.0,-59.0
7542,2018-06-20,Portugal,Morocco,1.0,1.0,1.4345957889999998,1.6609466705,0.651095789,1.6609466705,10.0,12.0,8.0,6.0,267.0,-0.2263508815000001,-1.0098508815,-2.0,2.0,52.0,1.4345957889999998,1.6609466705,0.651095789,1.6609466705,10.0,12.0,8.0,6.0,267.0,-0.2263508815000001,-1.0098508815,-2.0,2.0,52.0
7543,2018-06-20,Iran,Spain,1.0,1.0,0.6975558777,1.0591950265,0.6975558777,1.0591950265,8.0,14.0,2.0,8.0,208.0,-0.3616391487999998,-0.3616391487999998,-6.0,-6.0,59.0,0.6975558777,1.0591950265,0.6975558777,1.0591950265,8.0,14.0,2.0,8.0,208.0,-0.3616391487999998,-0.3616391487999998,-6.0,-6.0,59.0
7543,2018-06-20,Spain,Iran,1.0,1.0,1.6609466705,1.4345957889999998,1.6609466705,0.651095789,12.0,10.0,6.0,8.0,215.0,0.2263508815000001,1.0098508815,2.0,-2.0,-52.0,1.6609466705,1.4345957889999998,1.6609466705,0.651095789,12.0,10.0,6.0,8.0,215.0,0.2263508815000001,1.0098508815,2.0,-2.0,-52.0
7544,2018-06-20,Saudi Arabia,Uruguay,1.0,1.0,0.2488064999999999,1.2816009420000003,0.2488064999999999,1.2816009420000003,6.0,14.0,4.0,16.0,121.0,-1.0327944420000004,-1.0327944420000004,-8.0,-12.0,-26.0,0.2488064999999999,1.2816009420000003,0.2488064999999999,1.2816009420000003,6.0,14.0,4.0,16.0,121.0,-1.0327944420000004,-1.0327944420000004,-8.0,-12.0,-26.0
7544,2018-06-20,Uruguay,Saudi Arabia,1.0,1.0,1.9408185929999997,0.364488455,1.9408185929999997,0.364488455,16.0,8.0,11.0,8.0,119.0,1.5763301379999994,1.5763301379999994,8.0,3.0,-47.0,1.9408185929999997,0.364488455,1.9408185929999997,0.364488455,16.0,8.0,11.0,8.0,119.0,1.5763301379999994,1.5763301379999994,8.0,3.0,-47.0
7545,2018-06-21,Argentina,Croatia,1.0,1.0,2.0805182487,1.0321244945,1.2970182487000002,1.0321244945,28.0,9.0,23.0,7.0,84.0,1.0483937541999997,0.2648937542,19.0,16.0,-92.0,2.0805182487,1.0321244945,1.2970182487000002,1.0321244945,28.0,9.0,23.0,7.0,84.0,1.0483937541999997,0.2648937542,19.0,16.0,-92.0
7545,2018-06-21,Croatia,Argentina,1.0,1.0,1.6944666339999996,0.7623215977000002,0.910966634,0.7623215977000002,11.0,13.0,7.0,10.0,160.0,0.9321450362999996,0.1486450362999997,-2.0,-3.0,8.0,1.6944666339999996,0.7623215977000002,0.910966634,0.7623215977000002,11.0,13.0,7.0,10.0,160.0,0.9321450362999996,0.1486450362999997,-2.0,-3.0,8.0
7546,2018-06-21,France,Peru,1.0,1.0,1.561557064,0.980031062,0.778057064,0.196531062,12.0,5.0,11.0,4.0,136.0,0.581526002,0.5815260019999999,7.0,7.0,23.0,1.561557064,0.980031062,0.778057064,0.196531062,12.0,5.0,11.0,4.0,136.0,0.581526002,0.5815260019999999,7.0,7.0,23.0
7546,2018-06-21,Peru,France,1.0,1.0,1.926378192,1.121567638,1.1428781920000002,1.121567638,17.0,11.0,18.0,11.0,121.0,0.8048105539999997,0.021310554,6.0,7.0,-49.0,1.926378192,1.121567638,1.1428781920000002,1.121567638,17.0,11.0,18.0,11.0,121.0,0.8048105539999997,0.021310554,6.0,7.0,-49.0
7547,2018-06-21,Australia,Denmark,1.0,1.0,0.980031062,1.561557064,0.196531062,0.778057064,5.0,12.0,4.0,11.0,113.0,-0.581526002,-0.5815260019999999,-7.0,-7.0,-23.0,0.980031062,1.561557064,0.196531062,0.778057064,5.0,12.0,4.0,11.0,113.0,-0.581526002,-0.5815260019999999,-7.0,-7.0,-23.0
7547,2018-06-21,Denmark,Australia,1.0,1.0,1.121567638,1.926378192,1.121567638,1.1428781920000002,11.0,17.0,11.0,18.0,170.0,-0.8048105539999997,-0.021310554,-6.0,-7.0,49.0,1.121567638,1.926378192,1.121567638,1.1428781920000002,11.0,17.0,11.0,18.0,170.0,-0.8048105539999997,-0.021310554,-6.0,-7.0,49.0
7548,2018-06-22,Brazil,Costa Rica,1.0,1.0,1.866589794,0.4721066513,1.866589794,0.4721066513,21.0,7.0,18.0,6.0,234.0,1.3944831426999995,1.3944831426999995,14.0,12.0,-32.0,1.866589794,0.4721066513,1.866589794,0.4721066513,21.0,7.0,18.0,6.0,234.0,1.3944831426999995,1.3944831426999995,14.0,12.0,-32.0
7548,2018-06-22,Costa Rica,Brazil,1.0,1.0,0.5960217237,1.992569004,0.5960217237,1.992569004,10.0,12.0,7.0,11.0,97.0,-1.3965472803,-1.3965472803,-2.0,-4.0,-29.0,0.5960217237,1.992569004,0.5960217237,1.992569004,10.0,12.0,7.0,11.0,97.0,-1.3965472803,-1.3965472803,-2.0,-4.0,-29.0
7549,2018-06-22,Iceland,Nigeria,1.0,1.0,1.0321244945,2.0805182487,1.0321244945,1.2970182487000002,9.0,28.0,7.0,23.0,176.0,-1.0483937541999997,-0.2648937542,-19.0,-16.0,92.0,1.0321244945,2.0805182487,1.0321244945,1.2970182487000002,9.0,28.0,7.0,23.0,176.0,-1.0483937541999997,-0.2648937542,-19.0,-16.0,92.0
7549,2018-06-22,Nigeria,Iceland,1.0,1.0,0.7623215977000002,1.6944666339999996,0.7623215977000002,0.910966634,13.0,11.0,10.0,7.0,152.0,-0.9321450362999996,-0.1486450362999997,2.0,3.0,-8.0,0.7623215977000002,1.6944666339999996,0.7623215977000002,0.910966634,13.0,11.0,10.0,7.0,152.0,-0.9321450362999996,-0.1486450362999997,2.0,3.0,-8.0
7550,2018-06-22,Serbia,Switzerland,1.0,1.0,1.992569004,0.5960217237,1.992569004,0.5960217237,12.0,10.0,11.0,7.0,126.0,1.3965472803,1.3965472803,2.0,4.0,29.0,1.992569004,0.5960217237,1.992569004,0.5960217237,12.0,10.0,11.0,7.0,126.0,1.3965472803,1.3965472803,2.0,4.0,29.0
7550,2018-06-22,Switzerland,Serbia,1.0,1.0,0.4721066513,1.866589794,0.4721066513,1.866589794,7.0,21.0,6.0,18.0,266.0,-1.3944831426999995,-1.3944831426999995,-14.0,-12.0,32.0,0.4721066513,1.866589794,0.4721066513,1.866589794,7.0,21.0,6.0,18.0,266.0,-1.3944831426999995,-1.3944831426999995,-14.0,-12.0,32.0
7551,2018-06-23,Germany,Sweden,1.0,1.0,2.2992588492,0.993288767,2.2992588492,0.993288767,26.0,12.0,24.0,9.0,165.0,1.3059700822,1.3059700822,14.0,15.0,-159.0,2.2992588492,0.993288767,2.2992588492,0.993288767,26.0,12.0,24.0,9.0,165.0,1.3059700822,1.3059700822,14.0,15.0,-159.0
7551,2018-06-23,Sweden,Germany,1.0,1.0,2.015124456,0.414372021,1.2316244560000005,0.414372021,16.0,5.0,8.0,5.0,115.0,1.6007524350000002,0.8172524350000003,11.0,3.0,-33.0,2.015124456,0.414372021,1.2316244560000005,0.414372021,16.0,5.0,8.0,5.0,115.0,1.6007524350000002,0.8172524350000003,11.0,3.0,-33.0
7552,2018-06-23,Belgium,Tunisia,1.0,1.0,1.212055155,0.62535498,1.212055155,0.62535498,15.0,7.0,16.0,1.0,192.0,0.586700175,0.586700175,8.0,15.0,-45.0,1.212055155,0.62535498,1.212055155,0.62535498,15.0,7.0,16.0,1.0,192.0,0.586700175,0.586700175,8.0,15.0,-45.0
7552,2018-06-23,Tunisia,Belgium,1.0,1.0,0.945653212,2.626449744999999,0.162153212,2.626449744999999,6.0,18.0,3.0,15.0,265.0,-1.6807965329999992,-2.464296532999999,-12.0,-12.0,77.0,0.945653212,2.626449744999999,0.162153212,2.626449744999999,6.0,18.0,3.0,15.0,265.0,-1.6807965329999992,-2.464296532999999,-12.0,-12.0,77.0
7553,2018-06-23,Mexico,South Korea,1.0,1.0,0.993288767,2.2992588492,0.993288767,2.2992588492,12.0,26.0,9.0,24.0,324.0,-1.3059700822,-1.3059700822,-14.0,-15.0,159.0,0.993288767,2.2992588492,0.993288767,2.2992588492,12.0,26.0,9.0,24.0,324.0,-1.3059700822,-1.3059700822,-14.0,-15.0,159.0
7553,2018-06-23,South Korea,Mexico,1.0,1.0,0.414372021,2.015124456,0.414372021,1.2316244560000005,5.0,16.0,5.0,8.0,148.0,-1.6007524350000002,-0.8172524350000003,-11.0,-3.0,33.0,0.414372021,2.015124456,0.414372021,1.2316244560000005,5.0,16.0,5.0,8.0,148.0,-1.6007524350000002,-0.8172524350000003,-11.0,-3.0,33.0
7554,2018-06-24,England,Panama,1.0,1.0,2.626449744999999,0.945653212,2.626449744999999,0.162153212,18.0,6.0,15.0,3.0,188.0,1.6807965329999992,2.464296532999999,12.0,12.0,-77.0,2.626449744999999,0.945653212,2.626449744999999,0.162153212,18.0,6.0,15.0,3.0,188.0,1.6807965329999992,2.464296532999999,12.0,12.0,-77.0
7554,2018-06-24,Panama,England,1.0,1.0,0.62535498,1.212055155,0.62535498,1.212055155,7.0,15.0,1.0,16.0,237.0,-0.586700175,-0.586700175,-8.0,-15.0,45.0,0.62535498,1.212055155,0.62535498,1.212055155,7.0,15.0,1.0,16.0,237.0,-0.586700175,-0.586700175,-8.0,-15.0,45.0
7555,2018-06-24,Colombia,Poland,1.0,1.0,0.8062560289999999,2.32067396,0.8062560289999999,1.5371739599999996,10.0,14.0,7.0,10.0,248.0,-1.514417931,-0.7309179309999997,-4.0,-3.0,76.0,0.8062560289999999,2.32067396,0.8062560289999999,1.5371739599999996,10.0,14.0,7.0,10.0,248.0,-1.514417931,-0.7309179309999997,-4.0,-3.0,76.0
7555,2018-06-24,Poland,Colombia,1.0,1.0,1.042323384,1.427750634,1.042323384,1.427750634,10.0,7.0,7.0,9.0,148.0,-0.3854272500000002,-0.3854272500000002,3.0,-2.0,-73.0,1.042323384,1.427750634,1.042323384,1.427750634,10.0,7.0,7.0,9.0,148.0,-0.3854272500000002,-0.3854272500000002,3.0,-2.0,-73.0
7556,2018-06-24,Japan,Senegal,1.0,1.0,2.32067396,0.8062560289999999,1.5371739599999996,0.8062560289999999,14.0,10.0,10.0,7.0,172.0,1.514417931,0.7309179309999997,4.0,3.0,-76.0,2.32067396,0.8062560289999999,1.5371739599999996,0.8062560289999999,14.0,10.0,10.0,7.0,172.0,1.514417931,0.7309179309999997,4.0,3.0,-76.0
7556,2018-06-24,Senegal,Japan,1.0,1.0,1.427750634,1.042323384,1.427750634,1.042323384,7.0,10.0,9.0,7.0,221.0,0.3854272500000002,0.3854272500000002,-3.0,2.0,73.0,1.427750634,1.042323384,1.427750634,1.042323384,7.0,10.0,9.0,7.0,221.0,0.3854272500000002,0.3854272500000002,-3.0,2.0,73.0
7557,2018-06-25,Iran,Portugal,2.0,1.0,0.56200755685,1.6280747050000004,0.56200755685,1.6280747050000004,7.0,16.0,3.0,9.5,231.5,-1.0660671481500001,-1.0660671481500001,-9.0,-6.5,87.5,0.56200755685,1.6280747050000004,0.56200755685,1.6280747050000004,7.0,16.0,3.0,9.5,231.5,-1.0660671481500001,-1.0660671481500001,-9.0,-6.5,87.5
7557,2018-06-25,Portugal,Iran,2.0,1.0,1.159791016,1.558024772,0.768041016,1.558024772,11.0,14.5,6.5,7.5,194.5,-0.398233756,-0.789983756,-3.5,-1.0,27.0,1.159791016,1.558024772,0.768041016,1.558024772,11.0,14.5,6.5,7.5,194.5,-0.398233756,-0.789983756,-3.5,-1.0,27.0
7558,2018-06-25,Russia,Uruguay,2.0,1.0,1.1313758695000002,0.9731623764999999,1.1313758695000002,0.5814123764999999,13.0,10.5,12.0,8.0,165.5,0.15821349300000026,0.5499634930000002,2.5,4.0,23.0,1.1313758695000002,0.9731623764999999,1.1313758695000002,0.5814123764999999,13.0,10.5,12.0,8.0,165.5,0.15821349300000026,0.5499634930000002,2.5,4.0,23.0
7558,2018-06-25,Uruguay,Russia,2.0,1.0,1.8741027619999997,0.31898714365,1.8741027619999997,0.31898714365,15.0,8.0,11.5,6.0,179.5,1.5551156183499997,1.5551156183499997,7.0,5.5,10.0,1.8741027619999997,0.31898714365,1.8741027619999997,0.31898714365,15.0,8.0,11.5,6.0,179.5,1.5551156183499997,1.5551156183499997,7.0,5.5,10.0
7559,2018-06-25,Egypt,Saudi Arabia,2.0,1.0,1.0310033539999999,1.4609846949999998,0.6392533539999999,1.4609846949999998,11.5,14.0,10.0,9.5,165.0,-0.4299813409999998,-0.8217313409999998,-2.5,0.5,13.5,1.0310033539999999,1.4609846949999998,0.6392533539999999,1.4609846949999998,11.5,14.0,10.0,9.5,165.0,-0.4299813409999998,-0.8217313409999998,-2.5,0.5,13.5
7559,2018-06-25,Saudi Arabia,Egypt,2.0,1.0,0.26114616614999997,1.5444939365,0.26114616614999997,1.5444939365,7.0,14.0,4.0,14.0,147.0,-1.2833477703500002,-1.2833477703500002,-7.0,-10.0,-46.5,0.26114616614999997,1.5444939365,0.26114616614999997,1.5444939365,7.0,14.0,4.0,14.0,147.0,-1.2833477703500002,-1.2833477703500002,-7.0,-10.0,-46.5
7560,2018-06-25,Morocco,Spain,2.0,1.0,1.25714895,0.79127106035,1.25714895,0.79127106035,15.5,10.0,8.5,3.5,134.5,0.4658778896499999,0.4658778896499999,5.5,5.0,-30.5,1.25714895,0.79127106035,1.25714895,0.79127106035,15.5,10.0,8.5,3.5,134.5,0.4658778896499999,0.4658778896499999,5.5,5.0,-30.5
7560,2018-06-25,Spain,Morocco,2.0,1.0,1.9289505270000002,0.9305275124999999,1.9289505270000002,0.5387775125,15.0,8.0,8.5,6.0,177.0,0.9984230145000004,1.3901730145000002,7.0,2.5,-84.0,1.9289505270000002,0.9305275124999999,1.9289505270000002,0.5387775125,15.0,8.0,8.5,6.0,177.0,0.9984230145000004,1.3901730145000002,7.0,2.5,-84.0
7561,2018-06-26,Croatia,Iceland,2.0,1.0,1.7630883429999997,0.9901897703500003,1.3713383430000001,0.9901897703500003,12.5,11.5,7.0,8.5,177.0,0.7728985726499995,0.38114857264999963,1.0,-1.5,-17.0,1.7630883429999997,0.9901897703500003,1.3713383430000001,0.9901897703500003,12.5,11.5,7.0,8.5,177.0,0.7728985726499995,0.38114857264999963,1.0,-1.5,-17.0
7561,2018-06-26,Iceland,Croatia,2.0,1.0,1.29214323075,1.69633878735,0.90039323075,1.3045887873500002,9.5,22.5,6.0,15.0,230.5,-0.40419555659999995,-0.40419555660000006,-13.0,-9.0,122.5,1.29214323075,1.69633878735,0.90039323075,1.3045887873500002,9.5,22.5,6.0,15.0,230.5,-0.40419555659999995,-0.40419555660000006,-13.0,-9.0,122.5
7562,2018-06-26,Australia,Peru,2.0,1.0,1.1961114765,1.288000919,0.4126114765000001,0.896250919,9.0,11.0,5.5,12.0,140.5,-0.09188944250000003,-0.4836394424999999,-2.0,-6.5,-3.5,1.1961114765,1.288000919,0.4126114765000001,0.896250919,9.0,11.0,5.5,12.0,140.5,-0.09188944250000003,-0.4836394424999999,-2.0,-6.5,-3.5
7562,2018-06-26,Peru,Australia,2.0,1.0,1.2757997135,1.491993597,0.8840497135000001,1.491993597,14.5,11.5,11.5,11.0,141.0,-0.21619388350000024,-0.6079438835000001,3.0,0.5,-108.5,1.2757997135,1.491993597,0.8840497135000001,1.491993597,14.5,11.5,11.5,11.0,141.0,-0.21619388350000024,-0.6079438835000001,3.0,0.5,-108.5
7563,2018-06-26,Denmark,France,2.0,1.0,1.068006206,1.6692850415,1.068006206,0.8857850415000001,10.5,15.0,12.0,12.5,161.0,-0.6012788354999998,0.18222116449999995,-4.5,-0.5,16.5,1.068006206,1.6692850415,1.068006206,0.8857850415000001,10.5,15.0,12.0,12.5,161.0,-0.6012788354999998,0.18222116449999995,-4.5,-0.5,16.5
7563,2018-06-26,France,Denmark,2.0,1.0,1.7119883100000002,0.8026261485,1.3202383100000001,0.41087614850000004,12.0,8.5,11.0,4.5,232.5,0.9093621615,0.9093621615,3.5,6.5,95.5,1.7119883100000002,0.8026261485,1.3202383100000001,0.41087614850000004,12.0,8.5,11.0,4.5,232.5,0.9093621615,0.9093621615,3.5,6.5,95.5
7564,2018-06-26,Argentina,Nigeria,2.0,1.0,1.6492880958500002,1.43191727325,1.2575380958500002,1.43191727325,19.0,11.5,15.0,7.0,160.0,0.21737082260000007,-0.17437917739999978,7.5,8.0,-25.0,1.6492880958500002,1.43191727325,1.2575380958500002,1.43191727325,19.0,11.5,15.0,7.0,160.0,0.21737082260000007,-0.17437917739999978,7.5,8.0,-25.0
7564,2018-06-26,Nigeria,Argentina,2.0,1.0,1.0372404618500002,1.6233143004999997,1.0372404618500002,0.8398143005,15.0,10.5,8.5,6.0,142.0,-0.5860738386499997,0.19742616135000024,4.5,2.5,-80.5,1.0372404618500002,1.6233143004999997,1.0372404618500002,0.8398143005,15.0,10.5,8.5,6.0,142.0,-0.5860738386499997,0.19742616135000024,4.5,2.5,-80.5
7565,2018-06-27,Brazil,Serbia,2.0,1.0,2.48147629625,0.31540003315,2.48147629625,0.31540003315,22.0,5.5,22.0,3.0,169.5,2.1660762631,2.1660762631,16.5,19.0,-37.5,2.48147629625,0.31540003315,2.48147629625,0.31540003315,22.0,5.5,22.0,3.0,169.5,2.1660762631,2.1660762631,16.5,19.0,-37.5
7565,2018-06-27,Serbia,Brazil,2.0,1.0,1.5730271409999999,1.0766652066,1.5730271409999999,1.0766652066,12.0,14.5,13.0,7.5,211.0,0.4963619344000001,0.4963619344000001,-2.5,5.5,89.0,1.5730271409999999,1.0766652066,1.5730271409999999,1.0766652066,12.0,14.5,13.0,7.5,211.0,0.4963619344000001,0.4963619344000001,-2.5,5.5,89.0
7566,2018-06-27,Mexico,Sweden,2.0,1.0,1.4354202435,1.5605260506,1.0436702435,1.5605260506,13.0,21.5,9.5,16.0,217.0,-0.12510580709999997,-0.5168558071000001,-8.5,-6.5,21.0,1.4354202435,1.5605260506,1.0436702435,1.5605260506,13.0,21.5,9.5,16.0,217.0,-0.12510580709999997,-0.5168558071000001,-8.5,-6.5,21.0
7566,2018-06-27,Sweden,Mexico,2.0,1.0,1.4151455755,0.8662284265,1.0233955755000002,0.8662284265,11.5,11.5,8.0,9.0,154.5,0.548917149,0.15716714900000012,0.0,-1.0,-4.0,1.4151455755,0.8662284265,1.0233955755000002,0.8662284265,11.5,11.5,8.0,9.0,154.5,0.548917149,0.15716714900000012,0.0,-1.0,-4.0
7567,2018-06-27,Germany,South Korea,2.0,1.0,1.8086718406000002,0.904227731,1.8086718406000002,0.904227731,22.0,9.5,18.5,8.5,167.0,0.9044441096,0.9044441096,12.5,10.0,-92.0,1.8086718406000002,0.904227731,1.8086718406000002,0.904227731,22.0,9.5,18.5,8.5,167.0,0.9044441096,0.9044441096,12.5,10.0,-92.0
7567,2018-06-27,South Korea,Germany,2.0,1.0,0.6180826365000001,1.946338088,0.6180826365000001,1.1628380880000002,11.0,15.0,6.5,9.0,187.5,-1.3282554515,-0.5447554515,-4.0,-2.5,75.0,0.6180826365000001,1.946338088,0.6180826365000001,1.1628380880000002,11.0,15.0,6.5,9.0,187.5,-1.3282554515,-0.5447554515,-4.0,-2.5,75.0
7568,2018-06-27,Costa Rica,Switzerland,2.0,1.0,0.37735756935,2.5444659012499997,0.37735756935,2.5444659012499997,7.0,17.5,3.5,18.5,122.5,-2.1671083318999997,-2.1671083318999997,-10.5,-15.0,7.0,0.37735756935,2.5444659012499997,0.37735756935,2.5444659012499997,7.0,17.5,3.5,18.5,122.5,-2.1671083318999997,-2.1671083318999997,-10.5,-15.0,7.0
7568,2018-06-27,Switzerland,Costa Rica,2.0,1.0,1.0147076704,1.510037536,1.0147076704,1.510037536,13.0,16.5,7.0,16.5,206.5,-0.4953298655999998,-0.4953298655999998,-3.5,-9.5,-58.5,1.0147076704,1.510037536,1.0147076704,1.510037536,13.0,16.5,7.0,16.5,206.5,-0.4953298655999998,-0.4953298655999998,-3.5,-9.5,-58.5
7569,2018-06-28,Panama,Tunisia,2.0,1.0,0.8526968659,2.190188093,0.8526968659,1.406688093,7.5,13.0,4.0,12.5,203.0,-1.3374912271000001,-0.5539912270999999,-5.5,-8.5,21.0,0.8526968659,2.190188093,0.8526968659,1.406688093,7.5,13.0,4.0,12.5,203.0,-1.3374912271000001,-0.5539912270999999,-5.5,-8.5,21.0
7569,2018-06-28,Tunisia,Panama,2.0,1.0,1.0669156472999999,3.9814359749999992,0.6751656473,3.589685975,11.5,20.5,6.0,15.0,268.5,-2.9145203277,-2.9145203277,-9.0,-9.0,94.5,1.0669156472999999,3.9814359749999992,0.6751656473,3.589685975,11.5,20.5,6.0,15.0,268.5,-2.9145203277,-2.9145203277,-9.0,-9.0,94.5
7570,2018-06-28,Belgium,England,2.0,1.0,3.2742386799999994,0.9067665313,2.8824886800000002,0.9067665313,19.0,12.0,15.5,5.0,176.0,2.3674721487,1.9757221487000005,7.0,10.5,-78.5,3.2742386799999994,0.9067665313,2.8824886800000002,0.9067665313,19.0,12.0,15.5,5.0,176.0,2.3674721487,1.9757221487000005,7.0,10.5,-78.5
7570,2018-06-28,England,Belgium,2.0,1.0,2.8973853879999996,1.0128459819,2.1138853879999995,0.6210959819,14.5,7.0,12.0,5.0,180.0,1.8845394060999996,1.4927894060999993,7.5,7.0,-37.0,2.8973853879999996,1.0128459819,2.1138853879999995,0.6210959819,14.5,7.0,12.0,5.0,180.0,1.8845394060999996,1.4927894060999993,7.5,7.0,-37.0
7571,2018-06-28,Colombia,Senegal,2.0,1.0,1.09659939315,1.717435899,1.09659939315,1.3256858989999998,11.5,12.5,8.0,8.0,234.0,-0.6208365058499999,-0.22908650584999973,-1.0,0.0,47.0,1.09659939315,1.717435899,1.09659939315,1.3256858989999998,11.5,12.5,8.0,8.0,234.0,-0.6208365058499999,-0.22908650584999973,-1.0,0.0,47.0
7571,2018-06-28,Senegal,Colombia,2.0,1.0,1.6530074634999998,1.0122581899999998,1.6530074634999998,1.0122581899999998,11.0,8.5,11.5,6.5,180.0,0.6407492735,0.6407492735,2.5,5.0,33.0,1.6530074634999998,1.0122581899999998,1.6530074634999998,1.0122581899999998,11.0,8.5,11.5,6.5,180.0,0.6407492735,0.6407492735,2.5,5.0,33.0
7572,2018-06-28,Japan,Poland,2.0,1.0,1.651433478,1.342260161,1.259683478,1.342260161,10.5,12.5,8.0,10.5,159.0,0.30917331700000017,-0.08257668300000004,-2.0,-2.5,-34.5,1.651433478,1.342260161,1.259683478,1.342260161,10.5,12.5,8.0,10.5,159.0,0.30917331700000017,-0.08257668300000004,-2.0,-2.5,-34.5
7572,2018-06-28,Poland,Japan,2.0,1.0,1.078260611,1.40734669565,1.078260611,1.40734669565,10.5,10.0,6.5,9.0,175.0,-0.3290860846500002,-0.3290860846500002,0.5,-2.5,-45.5,1.078260611,1.40734669565,1.078260611,1.40734669565,10.5,10.0,6.5,9.0,175.0,-0.3290860846500002,-0.3290860846500002,0.5,-2.5,-45.5
7579,2018-06-30,Portugal,Uruguay,3.0,1.0,1.2806666189333333,1.564339716,0.7583332856,1.3031730493333333,12.333333333333334,12.666666666666666,6.666666666666667,7.333333333333333,184.0,-0.2836730970666666,-0.5448397637333333,-0.3333333333333333,-0.6666666666666666,25.333333333333332,1.2806666189333333,1.564339716,0.7583332856,1.3031730493333333,12.333333333333334,12.666666666666666,6.666666666666667,7.333333333333333,184.0,-0.2836730970666666,-0.5448397637333333,-0.3333333333333333,-0.6666666666666666,25.333333333333332
7579,2018-06-30,Uruguay,Portugal,3.0,1.0,2.076928817933333,0.2727196061,2.076928817933333,0.2727196061,15.333333333333334,6.333333333333333,10.333333333333334,5.666666666666667,168.33333333333334,1.8042092118333333,1.8042092118333333,9.0,4.666666666666667,-17.333333333333332,2.076928817933333,0.2727196061,2.076928817933333,0.2727196061,15.333333333333334,6.333333333333333,10.333333333333334,5.666666666666667,168.33333333333334,1.8042092118333333,1.8042092118333333,9.0,4.666666666666667,-17.333333333333332
7580,2018-06-30,Argentina,France,3.0,1.0,1.3830453502333333,1.3897265758333335,1.121878683566667,1.1285599091666667,15.333333333333334,10.666666666666666,14.0,7.0,151.33333333333334,-0.0066812255999999515,-0.006681225599999822,4.666666666666667,7.0,-72.66666666666667,1.3830453502333333,1.3897265758333335,1.121878683566667,1.1285599091666667,15.333333333333334,10.666666666666666,14.0,7.0,151.33333333333334,-0.0066812255999999515,-0.006681225599999822,4.666666666666667,7.0,-72.66666666666667
7580,2018-06-30,France,Argentina,3.0,1.0,1.2807057050000001,0.5814034606,1.0195390383333334,0.3202367939333333,11.666666666666666,7.333333333333333,10.0,4.0,185.33333333333334,0.6993022444000001,0.6993022444000001,4.333333333333333,6.0,30.0,1.2807057050000001,0.5814034606,1.0195390383333334,0.3202367939333333,11.666666666666666,7.333333333333333,10.0,4.0,185.33333333333334,0.6993022444000001,0.6993022444000001,4.333333333333333,6.0,30.0
7581,2018-07-01,Croatia,Denmark,3.0,1.0,1.400035161,1.3710221474000004,1.1388684943333334,1.1098554807333334,12.666666666666666,13.333333333333334,5.666666666666667,7.666666666666667,190.0,0.029013013599999637,0.02901301359999982,-0.6666666666666666,-2.0,-16.666666666666668,1.400035161,1.3710221474000004,1.1388684943333334,1.1098554807333334,12.666666666666666,13.333333333333334,5.666666666666667,7.666666666666667,190.0,0.029013013599999637,0.02901301359999982,-0.6666666666666666,-2.0,-16.666666666666668
7581,2018-07-01,Denmark,Croatia,3.0,1.0,0.7583234989333333,1.2522368593333333,0.7583234989333333,0.7299035260000001,8.666666666666666,13.666666666666666,9.0,11.0,171.33333333333334,-0.4939133603999999,0.02841997293333329,-5.0,-2.0,44.666666666666664,0.7583234989333333,1.2522368593333333,0.7583234989333333,0.7299035260000001,8.666666666666666,13.666666666666666,9.0,11.0,171.33333333333334,-0.4939133603999999,0.02841997293333329,-5.0,-2.0,44.666666666666664
7582,2018-07-01,Russia,Spain,3.0,1.0,0.81431209,1.4763018942666666,0.81431209,1.2151352276,9.666666666666666,12.333333333333334,9.666666666666666,8.0,183.0,-0.6619898042666664,-0.4008231375999998,-2.6666666666666665,1.6666666666666667,39.333333333333336,0.81431209,1.4763018942666666,0.81431209,1.2151352276,9.666666666666666,12.333333333333334,9.666666666666666,8.0,183.0,-0.6619898042666664,-0.4008231375999998,-2.6666666666666665,1.6666666666666667,39.333333333333336
7582,2018-07-01,Spain,Russia,3.0,1.0,2.1541313846666665,0.9776052333333333,2.1541313846666665,0.7164385666666666,16.0,8.0,11.0,5.333333333333333,164.66666666666666,1.1765261513333336,1.4376928180000004,8.0,5.666666666666667,-98.33333333333333,2.1541313846666665,0.9776052333333333,2.1541313846666665,0.7164385666666666,16.0,8.0,11.0,5.333333333333333,164.66666666666666,1.1765261513333336,1.4376928180000004,8.0,5.666666666666667,-98.33333333333333
7583,2018-07-02,Brazil,Mexico,3.0,1.0,2.127587258166667,0.5263731757666666,2.127587258166667,0.5263731757666666,19.666666666666668,7.333333333333333,20.0,5.333333333333333,147.66666666666666,1.6012140823999996,1.6012140823999996,12.333333333333334,14.666666666666666,-113.0,2.127587258166667,0.5263731757666666,2.127587258166667,0.5263731757666666,19.666666666666668,7.333333333333333,20.0,5.333333333333333,147.66666666666666,1.6012140823999996,1.6012140823999996,12.333333333333334,14.666666666666666,-113.0
7583,2018-07-02,Mexico,Brazil,3.0,1.0,1.4938480049,1.9705129720666668,1.2326813382333333,1.7093463054000002,16.0,19.333333333333332,9.666666666666666,14.0,174.33333333333334,-0.4766649671666668,-0.4766649671666668,-3.3333333333333335,-4.333333333333333,-17.0,1.4938480049,1.9705129720666668,1.2326813382333333,1.7093463054000002,16.0,19.333333333333332,9.666666666666666,14.0,174.33333333333334,-0.4766649671666668,-0.4766649671666668,-3.3333333333333335,-4.333333333333333,-17.0
7584,2018-07-02,Belgium,Japan,3.0,1.0,2.504603894333333,1.0047398106333334,2.243437227666667,1.0047398106333334,17.333333333333332,12.0,13.333333333333334,5.666666666666667,202.0,1.4998640837000001,1.2386974170333336,5.333333333333333,7.666666666666667,-17.333333333333332,2.504603894333333,1.0047398106333334,2.243437227666667,1.0047398106333334,17.333333333333332,12.0,13.333333333333334,5.666666666666667,202.0,1.4998640837000001,1.2386974170333336,5.333333333333333,7.666666666666667,-17.333333333333332
7584,2018-07-02,Japan,Belgium,3.0,1.0,1.3978321781666667,1.241744791,1.1366655114999997,1.241744791,10.666666666666666,12.0,7.666666666666667,9.0,164.66666666666666,0.1560873871666668,-0.1050792795,-1.3333333333333333,-1.3333333333333333,-15.0,1.3978321781666667,1.241744791,1.1366655114999997,1.241744791,10.666666666666666,12.0,7.666666666666667,9.0,164.66666666666666,0.1560873871666668,-0.1050792795,-1.3333333333333333,-1.3333333333333333,-15.0
7585,2018-07-03,Colombia,England,3.0,1.0,0.8260202187666666,1.265245624,0.8260202187666666,1.004078957333333,9.0,10.666666666666666,6.333333333333333,7.666666666666667,188.0,-0.4392254052333333,-0.1780587385666665,-1.6666666666666667,-1.3333333333333333,-9.0,0.8260202187666666,1.265245624,0.8260202187666666,1.004078957333333,9.0,10.666666666666666,6.333333333333333,7.666666666666667,188.0,-0.4392254052333333,-0.1780587385666665,-1.6666666666666667,-1.3333333333333333,-9.0
7585,2018-07-03,England,Colombia,3.0,1.0,2.331819048433333,0.9970087622666667,1.8094857151,0.7358420956000001,13.666666666666666,9.333333333333334,10.333333333333334,6.333333333333333,169.66666666666666,1.3348102861666664,1.0736436194999996,4.333333333333333,4.0,-59.666666666666664,2.331819048433333,0.9970087622666667,1.8094857151,0.7358420956000001,13.666666666666666,9.333333333333334,10.333333333333334,6.333333333333333,169.66666666666666,1.3348102861666664,1.0736436194999996,4.333333333333333,4.0,-59.666666666666664
7586,2018-07-03,Sweden,Switzerland,3.0,1.0,1.8735926553333335,1.1143867935666667,1.3512593220000004,1.1143867935666667,12.666666666666666,15.0,8.666666666666666,9.333333333333334,163.66666666666666,0.7592058617666669,0.23687252843333348,-2.3333333333333335,-0.6666666666666666,28.333333333333332,1.8735926553333335,1.1143867935666667,1.3512593220000004,1.1143867935666667,12.666666666666666,15.0,8.666666666666666,9.333333333333334,163.66666666666666,0.7592058617666669,0.23687252843333348,-2.3333333333333335,-0.6666666666666666,28.333333333333332
7586,2018-07-03,Switzerland,Sweden,3.0,1.0,1.0830315308333331,1.5320959189999999,1.0830315308333331,1.2709292523333333,13.0,15.666666666666666,7.333333333333333,16.0,195.0,-0.44906438816666655,-0.18789772149999992,-2.6666666666666665,-8.666666666666666,-21.0,1.0830315308333331,1.5320959189999999,1.0830315308333331,1.2709292523333333,13.0,15.666666666666666,7.333333333333333,16.0,195.0,-0.44906438816666655,-0.18789772149999992,-2.6666666666666665,-8.666666666666666,-21.0
8649,2018-07-06,France,Uruguay,4.0,1.0,1.3061956943333335,0.7369129222666667,1.0450290276666667,0.7369129222666667,10.666666666666666,9.666666666666666,9.0,5.333333333333333,233.66666666666666,0.5692827720666668,0.30811610540000006,1.0,3.6666666666666665,56.0,1.37003603675,0.7976924572,0.97828603675,0.6018174572,11.0,8.5,9.5,5.0,209.25,0.57234357955,0.37646857955,2.5,4.5,47.75
8649,2018-07-06,Uruguay,France,4.0,1.0,1.5886586005999999,0.48308236379999997,1.5886586005999999,0.48308236379999997,12.333333333333334,10.666666666666666,8.333333333333334,8.0,189.66666666666666,1.1055762368,1.1055762368,1.6666666666666667,0.3333333333333333,26.666666666666668,1.6766985986999998,0.4534338866,1.6766985986999998,0.4534338866,13.25,10.0,9.0,8.0,172.0,1.2232647120999998,1.2232647120999998,3.25,1.0,8.25
8650,2018-07-06,Belgium,Brazil,4.0,1.0,3.0731960824999995,1.0275446347000001,2.812029415833333,1.0275446347000001,21.666666666666668,13.666666666666666,14.333333333333334,7.666666666666667,184.66666666666666,2.0456514477999996,1.784484781133333,8.0,6.666666666666667,-11.333333333333334,2.6079108506249997,0.926997221025,2.412035850625,0.926997221025,20.0,12.0,14.75,6.0,186.5,1.6809136295999998,1.4850386296,8.0,8.75,-19.75
8650,2018-07-06,Brazil,Belgium,4.0,1.0,2.6121977495,0.5632708986666666,2.6121977495,0.5632708986666666,19.0,9.666666666666666,19.333333333333332,8.0,155.33333333333334,2.0489268508333334,2.0489268508333334,9.333333333333334,11.333333333333334,-67.66666666666667,2.4257957606250002,0.540479836825,2.4257957606250002,0.540479836825,19.5,9.0,19.0,7.5,175.0,1.8853159238,1.8853159238,10.5,11.5,-58.75
8651,2018-07-07,England,Sweden,4.0,1.0,2.2044324161,0.9588410967666667,1.4209324161,0.9588410967666667,13.333333333333334,12.0,9.333333333333334,9.0,157.66666666666666,1.2455913193333332,0.4620913193333333,1.3333333333333333,0.3333333333333333,-46.666666666666664,2.3099367483249997,0.955544125575,1.7223117483249997,0.759669125575,14.5,10.5,10.75,7.5,165.25,1.3543926227499998,0.9626426227499997,4.0,3.25,-54.25
8651,2018-07-07,Sweden,England,4.0,1.0,1.5053731736666667,1.1539254694,1.2442065070000001,1.1539254694,11.333333333333334,18.666666666666668,9.333333333333334,11.666666666666666,219.33333333333334,0.35144770426666677,0.09028103760000002,-7.333333333333333,-2.3333333333333335,93.0,1.6328109942500002,0.9690371073,1.2410609942500002,0.9690371073,12.5,15.25,9.0,10.0,193.25,0.6637738869500002,0.2720238869500001,-2.75,-1.0,61.5
8652,2018-07-07,Croatia,Russia,4.0,1.0,1.5586248156666667,1.3490798665000003,1.297458149,1.0879131998333333,16.0,13.666666666666666,6.666666666666667,7.666666666666667,198.0,0.20954494916666633,0.20954494916666652,2.3333333333333335,-1.0,-12.333333333333334,1.5925852702499999,1.2023902993000002,1.20083527025,1.0065152993000002,14.75,13.5,6.75,8.25,188.5,0.39019497094999966,0.1943199709499998,1.25,-1.5,-7.25
8652,2018-07-07,Russia,Croatia,4.0,1.0,0.8559207123333333,1.8737341122666666,0.5947540456666667,1.6125674455999999,7.666666666666667,18.333333333333332,7.0,10.666666666666666,226.33333333333334,-1.0178133999333332,-1.0178133999333332,-10.666666666666666,-3.6666666666666665,82.0,0.96234076975,1.4675022092,0.7664657697500001,1.2716272092,9.25,15.25,9.25,9.0,206.5,-0.5051614394499998,-0.5051614394499998,-6.0,0.25,68.0
8655,2018-07-10,Belgium,France,5.0,1.0,1.4294740584999996,1.5012171625666666,1.4294740584999996,1.5012171625666666,16.666666666666668,16.333333333333332,12.666666666666666,12.666666666666666,241.33333333333334,-0.07174310406666697,-0.07174310406666697,0.3333333333333333,0.0,80.0,2.1673799071,1.26343691006,2.0106799071,1.26343691006,17.6,14.6,13.8,9.6,215.2,0.9039429970399999,0.74724299704,3.0,4.2,16.6
8655,2018-07-10,France,Belgium,5.0,1.0,0.8649834949,0.7595709366,0.6038168282333334,0.7595709366,10.333333333333334,9.0,7.666666666666667,5.666666666666667,181.0,0.10541255830000003,-0.15575410836666664,1.3333333333333333,2.0,-3.6666666666666665,1.20378542094,0.7767930213600001,0.8903854209400001,0.62009302136,11.0,8.8,9.0,5.2,201.6,0.4269923995800001,0.27029239958000006,2.2,3.8,36.0
8656,2018-07-11,Croatia,England,5.0,1.0,1.4982129903333332,1.3000402595,1.2370463236666664,1.0388735928333332,17.333333333333332,14.666666666666666,8.333333333333334,7.666666666666667,174.0,0.19817273083333312,0.1981727308333333,2.6666666666666665,0.6666666666666666,-24.666666666666668,1.6041631314,1.1761000638400003,1.2907631313999999,1.01940006384,15.4,13.4,7.8,8.0,175.2,0.4280630675599997,0.27136306755999984,2.0,-0.2,-21.6
8656,2018-07-11,England,Croatia,5.0,1.0,1.4010707357666667,0.8768903925,1.1399040691,0.8768903925,13.666666666666666,12.0,11.666666666666666,8.666666666666666,135.0,0.5241803432666666,0.2630136766,1.6666666666666667,3.0,-97.66666666666667,1.99959659666,0.93127262826,1.5294965966599998,0.77457262826,14.0,10.0,11.8,7.2,153.0,1.0683239683999999,0.7549239683999998,4.0,4.6,-73.4
8657,2018-07-14,Belgium,England,6.0,1.0,1.296652048833333,1.661550627466667,1.296652048833333,1.661550627466667,15.0,18.666666666666668,13.0,14.666666666666666,189.0,-0.3648985786333336,-0.3648985786333336,-3.6666666666666665,-1.6666666666666667,27.666666666666668,2.0383425348999995,1.4747032668600002,1.8816425348999999,1.4747032668600002,16.4,17.0,12.6,12.0,196.2,0.56363926804,0.40693926804,-0.6,0.6,15.2
8657,2018-07-14,England,Belgium,6.0,1.0,1.1830633126666668,1.2688854293333334,0.921896646,1.2688854293333334,13.333333333333334,14.666666666666666,13.333333333333334,9.0,194.0,-0.08582211666666677,-0.34698878333333333,-1.3333333333333333,4.333333333333333,-13.0,1.58363946766,1.17040587256,1.1135394676600001,1.17040587256,12.6,13.2,11.2,8.6,180.6,0.4132335951,-0.05686640490000002,-0.6,2.6,-28.2
8658,2018-07-15,Croatia,France,6.0,1.0,1.9873432025,0.7713659923333335,1.7261765358333332,0.7713659923333335,20.333333333333332,12.666666666666666,10.666666666666666,9.666666666666666,161.0,1.2159772101666666,0.9548105434999998,7.666666666666667,1.0,-69.0,1.6935336913,1.1329685643,1.5368336913,0.9762685643000001,17.6,13.0,8.4,8.4,178.6,0.5605651269999997,0.5605651269999999,4.6,0.0,-53.0
8658,2018-07-15,France,Croatia,6.0,1.0,1.2861655845666666,0.902207673,1.0249989178999999,0.902207673,13.0,10.333333333333334,9.333333333333334,8.0,200.33333333333334,0.3839579115666667,0.12279124489999999,2.6666666666666665,1.3333333333333333,47.333333333333336,1.22781136094,0.69416046776,1.07111136094,0.69416046776,12.4,9.6,9.4,6.4,204.2,0.53365089318,0.37695089318,2.8,3.0,41.8
3857286,2022-11-20,Ecuador,Qatar,0.0,0.0,1.283776538769922,1.283776538769922,1.1246281012699217,1.1246281012699217,12.1875,12.1875,9.6171875,9.6171875,156.30859375,0.0,0.0,0.0,0.0,0.0,1.283776538769922,1.283776538769922,1.1246281012699217,1.1246281012699217,12.1875,12.1875,9.6171875,9.6171875,156.30859375,0.0,0.0,0.0,0.0,0.0
3857286,2022-11-20,Qatar,Ecuador,0.0,0.0,1.283776538769922,1.283776538769922,1.1246281012699217,1.1246281012699217,12.1875,12.1875,9.6171875,9.6171875,156.30859375,0.0,0.0,0.0,0.0,0.0,1.283776538769922,1.283776538769922,1.1246281012699217,1.1246281012699217,12.1875,12.1875,9.6171875,9.6171875,156.30859375,0.0,0.0,0.0,0.0,0.0
3857271,2022-11-21,England,Iran,7.0,1.0,0.8800855716666667,1.4320548441666665,0.8800855716666667,1.4320548441666665,12.666666666666666,13.666666666666666,14.666666666666666,10.333333333333334,234.66666666666666,-0.5519692724999999,-0.5519692724999999,-1.0,4.333333333333333,4.666666666666667,1.21704658646,1.2185298142,1.0603465864600001,1.2185298142,13.4,13.8,12.6,10.2,201.0,-0.001483227740000054,-0.15818322774,-0.4,2.4,-25.8
3857271,2022-11-21,Iran,England,3.0,1.0,0.9003282392333333,1.5928557449333336,0.6391615725666667,1.3316890782666668,7.666666666666667,15.666666666666666,4.333333333333333,8.666666666666666,201.33333333333334,-0.6925275057000002,-0.6925275057000002,-8.0,-4.333333333333333,51.0,0.9003282392333333,1.5928557449333336,0.6391615725666667,1.3316890782666668,7.666666666666667,15.666666666666666,4.333333333333333,8.666666666666666,201.33333333333334,-0.6925275057000002,-0.6925275057000002,-8.0,-4.333333333333333,51.0
3857282,2022-11-21,United States,Wales,0.0,0.0,1.283776538769922,1.283776538769922,1.1246281012699217,1.1246281012699217,12.1875,12.1875,9.6171875,9.6171875,156.30859375,0.0,0.0,0.0,0.0,0.0,1.283776538769922,1.283776538769922,1.1246281012699217,1.1246281012699217,12.1875,12.1875,9.6171875,9.6171875,156.30859375,0.0,0.0,0.0,0.0,0.0
3857282,2022-11-21,Wales,United States,0.0,0.0,1.283776538769922,1.283776538769922,1.1246281012699217,1.1246281012699217,12.1875,12.1875,9.6171875,9.6171875,156.30859375,0.0,0.0,0.0,0.0,0.0,1.283776538769922,1.283776538769922,1.1246281012699217,1.1246281012699217,12.1875,12.1875,9.6171875,9.6171875,156.30859375,0.0,0.0,0.0,0.0,0.0
3857285,2022-11-21,Netherlands,Senegal,0.0,0.0,1.283776538769922,1.283776538769922,1.1246281012699217,1.1246281012699217,12.1875,12.1875,9.6171875,9.6171875,156.30859375,0.0,0.0,0.0,0.0,0.0,1.283776538769922,1.283776538769922,1.1246281012699217,1.1246281012699217,12.1875,12.1875,9.6171875,9.6171875,156.30859375,0.0,0.0,0.0,0.0,0.0
3857285,2022-11-21,Senegal,Netherlands,3.0,1.0,1.2222933336666666,0.76979275,1.2222933336666666,0.76979275,9.666666666666666,7.0,10.0,5.333333333333333,192.33333333333334,0.4525005836666667,0.4525005836666667,2.6666666666666665,4.666666666666667,62.333333333333336,1.2222933336666666,0.76979275,1.2222933336666666,0.76979275,9.666666666666666,7.0,10.0,5.333333333333333,192.33333333333334,0.4525005836666667,0.4525005836666667,2.6666666666666665,4.666666666666667,62.333333333333336
3857254,2022-11-22,Denmark,Tunisia,4.0,1.0,0.6166325379333334,1.3335226613333333,0.6166325379333334,0.8111893279999999,9.666666666666666,15.0,8.666666666666666,8.333333333333334,169.0,-0.7168901233999998,-0.19455679006666662,-5.333333333333333,0.3333333333333333,21.333333333333332,0.7428663129499999,1.481736544,0.7428663129499999,0.894111544,10.0,15.5,9.25,10.75,169.25,-0.7388702310499998,-0.15124523104999998,-5.5,-1.5,28.25
3857254,2022-11-22,Tunisia,Denmark,3.0,1.0,1.6620954328666668,2.8845558454999995,1.4009287662,2.623389178833333,12.666666666666666,16.666666666666668,7.666666666666667,12.333333333333334,228.0,-1.2224604126333332,-1.2224604126333332,-4.0,-4.666666666666667,55.333333333333336,1.6620954328666668,2.8845558454999995,1.4009287662,2.623389178833333,12.666666666666666,16.666666666666668,7.666666666666667,12.333333333333334,228.0,-1.2224604126333332,-1.2224604126333332,-4.0,-4.666666666666667,55.333333333333336
3857265,2022-11-22,Mexico,Poland,4.0,1.0,1.3570183559,2.310900445,1.0958516892333332,2.0497337783333336,16.666666666666668,17.0,11.333333333333334,11.333333333333334,117.33333333333333,-0.9538820891,-0.9538820891,-0.3333333333333333,0.0,-104.66666666666667,1.266085958675,2.30799004605,1.070210958675,2.11211504605,15.5,19.25,10.75,14.5,169.0,-1.041904087375,-1.041904087375,-3.75,-3.75,-38.75
3857265,2022-11-22,Poland,Mexico,3.0,1.0,1.065745091,1.2351076566,1.065745091,1.2351076566,10.666666666666666,10.333333333333334,6.333333333333333,8.333333333333334,167.33333333333334,-0.16936256560000018,-0.16936256560000018,0.3333333333333333,-2.0,-38.333333333333336,1.065745091,1.2351076566,1.065745091,1.2351076566,10.666666666666666,10.333333333333334,6.333333333333333,8.333333333333334,167.33333333333334,-0.16936256560000018,-0.16936256560000018,0.3333333333333333,-2.0,-38.333333333333336
3857279,2022-11-22,Australia,France,3.0,1.0,1.340497526,0.9707923085333334,0.8181641926666668,0.7096256418666668,11.333333333333334,8.666666666666666,7.0,9.333333333333334,175.0,0.3697052174666668,0.10853855080000023,2.6666666666666665,-2.3333333333333335,12.333333333333334,1.340497526,0.9707923085333334,0.8181641926666668,0.7096256418666668,11.333333333333334,8.666666666666666,7.0,9.333333333333334,175.0,0.3697052174666668,0.10853855080000023,2.6666666666666665,-2.3333333333333335,12.333333333333334
3857279,2022-11-22,France,Australia,7.0,1.0,1.1061444432333334,0.9134504205666666,0.8449777765666666,0.9134504205666666,12.666666666666666,11.333333333333334,8.333333333333334,8.666666666666666,159.0,0.19269402266666677,-0.06847264399999996,1.3333333333333333,-0.3333333333333333,33.666666666666664,1.07492017134,0.8651737586999999,0.76152017134,0.8651737586999999,11.6,10.2,8.2,7.4,169.8,0.20974641264000007,-0.10365358735999997,1.4,0.8,20.2
3857300,2022-11-22,Argentina,Saudi Arabia,4.0,1.0,1.1717257496666669,1.5916940883333333,1.1717257496666669,1.069360755,10.0,10.666666666666666,9.0,7.333333333333333,183.33333333333334,-0.41996833866666655,0.10236499466666686,-0.6666666666666666,1.6666666666666667,-75.66666666666667,1.398923874425,1.4518016898750001,1.2030488744250003,1.060051689875,14.5,10.25,12.5,7.25,158.5,-0.05287781544999996,0.14299718455000016,4.25,5.25,-79.75
3857300,2022-11-22,Saudi Arabia,Argentina,3.0,1.0,1.0227026027666666,1.337571271,0.5003692694333333,1.337571271,11.666666666666666,12.0,5.666666666666667,13.666666666666666,164.0,-0.3148686682333334,-0.8372020015666668,-0.3333333333333333,-8.0,-24.333333333333332,1.0227026027666666,1.337571271,0.5003692694333333,1.337571271,11.666666666666666,12.0,5.666666666666667,13.666666666666666,164.0,-0.3148686682333334,-0.8372020015666668,-0.3333333333333333,-8.0,-24.333333333333332
3857268,2022-11-23,Belgium,Canada,7.0,1.0,0.7642609623333333,1.8754130184,0.7642609623333333,1.8754130184,9.333333333333334,19.666666666666668,11.666666666666666,17.666666666666668,228.66666666666666,-1.1111520560666666,-1.1111520560666666,-10.333333333333334,-6.0,31.666666666666668,1.2351897858999998,1.50413897534,1.2351897858999998,1.50413897534,14.0,16.6,12.6,13.4,216.0,-0.2689491894400001,-0.2689491894400001,-2.6,-0.8,34.6
3857268,2022-11-23,Canada,Belgium,0.0,0.0,1.283776538769922,1.283776538769922,1.1246281012699217,1.1246281012699217,12.1875,12.1875,9.6171875,9.6171875,156.30859375,0.0,0.0,0.0,0.0,0.0,1.283776538769922,1.283776538769922,1.1246281012699217,1.1246281012699217,12.1875,12.1875,9.6171875,9.6171875,156.30859375,0.0,0.0,0.0,0.0,0.0
3857277,2022-11-23,Croatia,Morocco,7.0,1.0,1.7573605664,0.9051889433333334,1.7573605664,0.6440222766666667,18.333333333333332,10.666666666666666,10.666666666666666,8.0,132.0,0.8521716230666665,1.1133382897333333,7.666666666666667,2.6666666666666665,-96.0,1.6232492188399998,1.1089496973,1.46654921884,0.7955496973,17.8,12.6,9.0,8.0,159.2,0.5142995215399998,0.67099952154,5.2,1.0,-56.6
3857277,2022-11-23,Morocco,Croatia,3.0,1.0,1.1953528583333333,1.3956784069000001,1.1953528583333333,1.3956784069000001,13.0,12.666666666666666,7.0,7.666666666666667,178.66666666666666,-0.20032554856666676,-0.20032554856666676,0.3333333333333333,-0.6666666666666666,22.0,1.1953528583333333,1.3956784069000001,1.1953528583333333,1.3956784069000001,13.0,12.666666666666666,7.0,7.666666666666667,178.66666666666666,-0.20032554856666676,-0.20032554856666676,0.3333333333333333,-0.6666666666666666,22.0
3857284,2022-11-23,Germany,Japan,3.0,1.0,2.1079147477333335,1.1943619146666666,2.1079147477333335,1.1943619146666666,24.333333333333332,10.333333333333334,20.333333333333332,8.666666666666666,149.33333333333334,0.9135528330666666,0.9135528330666666,14.0,11.666666666666666,-120.66666666666667,2.1079147477333335,1.1943619146666666,2.1079147477333335,1.1943619146666666,24.333333333333332,10.333333333333334,20.333333333333332,8.666666666666666,149.33333333333334,0.9135528330666666,0.9135528330666666,14.0,11.666666666666666,-120.66666666666667
3857284,2022-11-23,Japan,Germany,4.0,1.0,0.8555306755666666,1.9456033544999995,0.8555306755666666,1.9456033544999995,10.0,18.0,6.666666666666667,13.0,163.0,-1.0900726789333328,-1.0900726789333328,-8.0,-6.333333333333333,19.333333333333332,1.221816496675,1.6607665231249997,1.025941496675,1.6607665231249997,11.0,16.0,7.5,11.5,165.25,-0.43895002644999964,-0.6348250264499997,-5.0,-4.0,-4.5
3857291,2022-11-23,Costa Rica,Spain,3.0,1.0,0.7769759412333332,2.1028703514,0.5158092745666667,2.1028703514,9.333333333333334,16.0,7.333333333333333,15.0,121.0,-1.3258944101666665,-1.587061076833333,-6.666666666666667,-7.666666666666667,-13.333333333333334,0.7769759412333332,2.1028703514,0.5158092745666667,2.1028703514,9.333333333333334,16.0,7.333333333333333,15.0,121.0,-1.3258944101666665,-1.587061076833333,-6.666666666666667,-7.666666666666667,-13.333333333333334
3857291,2022-11-23,Spain,Costa Rica,4.0,1.0,2.0808502125,0.9682155733333334,2.0808502125,0.7070489066666666,20.0,7.333333333333333,13.0,5.333333333333333,134.0,1.1126346391666668,1.3738013058333334,12.666666666666666,7.666666666666667,-132.33333333333334,1.975874327,1.08481062725,1.975874327,0.69306062725,18.0,8.0,11.25,6.0,154.25,0.8910636997500001,1.2828136997500001,10.0,5.25,-112.25
3857258,2022-11-24,Brazil,Serbia,5.0,1.0,2.4498087054,0.6454584713333332,2.4498087054,0.6454584713333332,19.666666666666668,11.0,18.666666666666668,11.333333333333334,176.33333333333334,1.8043502340666666,1.8043502340666666,8.666666666666666,7.333333333333333,-107.33333333333333,2.46247574174,0.5134350960599999,2.46247574174,0.5134350960599999,20.6,8.8,20.0,8.0,173.6,1.9490406456799998,1.9490406456799998,11.8,12.0,-79.4
3857258,2022-11-24,Serbia,Brazil,3.0,1.0,1.3647912476666668,1.1910465317333332,1.3647912476666668,1.1910465317333332,11.666666666666666,14.666666666666666,12.0,10.333333333333334,263.3333333333333,0.1737447159333334,0.1737447159333334,-3.0,1.6666666666666667,147.33333333333334,1.3647912476666668,1.1910465317333332,1.3647912476666668,1.1910465317333332,11.666666666666666,14.666666666666666,12.0,10.333333333333334,263.3333333333333,0.1737447159333334,0.1737447159333334,-3.0,1.6666666666666667,147.33333333333334
3857287,2022-11-24,South Korea,Uruguay,3.0,1.0,1.0035985183333334,2.199692246,1.0035985183333334,1.6773589126666668,11.333333333333334,19.666666666666668,7.333333333333333,14.0,222.33333333333334,-1.1960937276666668,-0.6737603943333333,-8.333333333333334,-6.666666666666667,109.33333333333333,1.0035985183333334,2.199692246,1.0035985183333334,1.6773589126666668,11.333333333333334,19.666666666666668,7.333333333333333,14.0,222.33333333333334,-1.1960937276666668,-0.6737603943333333,-8.333333333333334,-6.666666666666667,109.33333333333333
3857287,2022-11-24,Uruguay,South Korea,5.0,1.0,1.2172613829333334,0.5715147389333334,1.2172613829333334,0.5715147389333334,11.0,11.666666666666666,6.333333333333333,9.0,170.33333333333334,0.645746644,0.645746644,-0.6666666666666666,-2.6666666666666665,8.0,1.4799979345599998,0.47050370082,1.4799979345599998,0.47050370082,12.6,10.2,8.4,7.8,174.0,1.00949423374,1.00949423374,2.4,0.6,8.8
3857290,2022-11-24,Cameroon,Switzerland,0.0,0.0,1.283776538769922,1.283776538769922,1.1246281012699217,1.1246281012699217,12.1875,12.1875,9.6171875,9.6171875,156.30859375,0.0,0.0,0.0,0.0,0.0,1.283776538769922,1.283776538769922,1.1246281012699217,1.1246281012699217,12.1875,12.1875,9.6171875,9.6171875,156.30859375,0.0,0.0,0.0,0.0,0.0
3857290,2022-11-24,Switzerland,Cameroon,4.0,1.0,1.1033253298999999,1.2133879913333334,1.1033253298999999,0.9522213246666666,16.0,12.666666666666666,9.333333333333334,13.333333333333334,146.66666666666666,-0.11006266143333339,0.15110400523333326,3.3333333333333335,-4.0,-85.33333333333333,0.9455206602499999,1.376688442,0.9455206602499999,1.180813442,13.75,14.75,8.5,14.5,176.5,-0.4311677817499999,-0.23529278174999993,-1.0,-6.0,-56.0
3857298,2022-11-24,Ghana,Portugal,0.0,0.0,1.283776538769922,1.283776538769922,1.1246281012699217,1.1246281012699217,12.1875,12.1875,9.6171875,9.6171875,156.30859375,0.0,0.0,0.0,0.0,0.0,1.283776538769922,1.283776538769922,1.1246281012699217,1.1246281012699217,12.1875,12.1875,9.6171875,9.6171875,156.30859375,0.0,0.0,0.0,0.0,0.0
3857298,2022-11-24,Portugal,Ghana,4.0,1.0,1.1343269319666667,1.1693601395,0.8731602653,0.9081934728333333,16.0,11.0,9.0,7.0,127.66666666666667,-0.03503320753333329,-0.035033207533333326,5.0,2.0,-20.333333333333332,1.209394146225,1.29225677225,0.817644146225,1.09638177225,14.5,11.25,8.75,6.75,162.5,-0.082862626025,-0.278737626025,3.25,2.0,-2.25
3857272,2022-11-25,England,United States,8.0,1.0,1.2897261566666667,1.6392121640666666,1.2897261566666667,1.3780454973999998,13.0,13.666666666666666,12.0,10.0,233.66666666666666,-0.34948600739999997,-0.0883193407333334,-0.6666666666666666,2.0,41.333333333333336,1.3743408616,1.3165946693400001,1.2176408616,1.15989466934,13.6,12.6,12.8,9.4,191.4,0.05774619225999994,0.05774619225999996,1.0,3.4,-12.8
3857272,2022-11-25,United States,England,1.0,1.0,0.6024987946,1.395336012,0.6024987946,0.6118360119999999,6.0,7.0,9.0,9.0,137.0,-0.7928372174,-0.0093372173999999,-1.0,0.0,9.0,0.6024987946,1.395336012,0.6024987946,0.6118360119999999,6.0,7.0,9.0,9.0,137.0,-0.7928372174,-0.0093372173999999,-1.0,0.0,9.0
3857273,2022-11-25,Iran,Wales,4.0,1.0,1.1530291462333333,1.9021766511000002,0.6306958129,1.6410099844333335,7.666666666666667,15.333333333333334,5.333333333333333,8.666666666666666,179.0,-0.7491475048666669,-1.0103141715333335,-7.666666666666667,-3.3333333333333335,44.666666666666664,1.0391608291,1.6914312449500002,0.6474108291,1.4955562449500002,7.75,15.0,4.5,8.5,186.25,-0.6522704158500001,-0.8481454158500001,-7.25,-4.0,48.25
3857273,2022-11-25,Wales,Iran,1.0,1.0,1.395336012,0.6024987946,0.6118360119999999,0.6024987946,7.0,6.0,9.0,9.0,128.0,0.7928372174,0.0093372173999999,1.0,0.0,-9.0,1.395336012,0.6024987946,0.6118360119999999,0.6024987946,7.0,6.0,9.0,9.0,128.0,0.7928372174,0.0093372173999999,1.0,0.0,-9.0
3857274,2022-11-25,Ecuador,Netherlands,1.0,1.0,1.1540112984,0.3041889505,0.3705112983999999,0.3041889505,6.0,5.0,12.0,1.0,134.0,0.8498223478999999,0.0663223478999999,1.0,11.0,35.0,1.1540112984,0.3041889505,0.3705112983999999,0.3041889505,6.0,5.0,12.0,1.0,134.0,0.8498223478999999,0.0663223478999999,1.0,11.0,35.0
3857274,2022-11-25,Netherlands,Ecuador,1.0,1.0,1.1238838,0.6914927064999999,1.1238838,0.6914927064999999,10.0,15.0,8.0,14.0,104.0,0.4323910935,0.4323910935,-5.0,-6.0,-8.0,1.1238838,0.6914927064999999,1.1238838,0.6914927064999999,10.0,15.0,8.0,14.0,104.0,0.4323910935,0.4323910935,-5.0,-6.0,-8.0
3857301,2022-11-25,Qatar,Senegal,1.0,1.0,0.3041889505,1.1540112984,0.3041889505,0.3705112983999999,5.0,6.0,1.0,12.0,99.0,-0.8498223478999999,-0.0663223478999999,-1.0,-11.0,-35.0,0.3041889505,1.1540112984,0.3041889505,0.3705112983999999,5.0,6.0,1.0,12.0,99.0,-0.8498223478999999,-0.0663223478999999,-1.0,-11.0,-35.0
3857301,2022-11-25,Senegal,Qatar,4.0,1.0,0.9768740244999999,0.7969795553333333,0.9768740244999999,0.7969795553333333,12.333333333333334,7.0,11.666666666666666,5.666666666666667,156.0,0.1798944691666666,0.1798944691666666,5.333333333333333,6.0,40.666666666666664,1.089593176875,0.8583155124999999,1.089593176875,0.8583155124999999,11.0,7.75,11.0,6.0,172.25,0.231277664375,0.231277664375,3.25,5.0,48.75
3857266,2022-11-26,Denmark,France,5.0,1.0,0.8006705325999999,1.2161037369999999,0.8006705325999999,0.9549370703333332,10.0,15.0,6.666666666666667,7.333333333333333,154.66666666666666,-0.4154332043999999,-0.1542665377333333,-5.0,-0.6666666666666666,19.666666666666668,0.90760480196,1.3973762588,0.90760480196,0.9272762587999999,10.2,15.0,8.8,9.4,157.2,-0.4897714568399999,-0.019671456839999994,-4.8,-0.6,18.4
3857266,2022-11-26,France,Denmark,8.0,1.0,1.9833820533333333,0.7901495078999999,1.7222153866666667,0.7901495078999999,16.666666666666668,9.333333333333334,12.666666666666666,7.333333333333333,129.66666666666666,1.1932325454333335,0.9320658787666667,7.333333333333333,5.333333333333333,30.0,1.62539122994,0.90204064974,1.31199122994,0.90204064974,14.0,10.0,10.6,7.2,168.2,0.7233505802000001,0.4099505802,4.0,3.4,36.0
3857288,2022-11-26,Australia,Tunisia,4.0,1.0,1.1215846853333336,1.5071052165333334,0.8604180186666669,1.5071052165333334,11.0,12.333333333333334,6.333333333333333,12.333333333333334,172.33333333333334,-0.38552053119999985,-0.6466871978666665,-1.3333333333333333,-6.0,27.333333333333332,1.0861962795000002,1.5207181784000001,0.6944462795000002,1.3248431784,9.5,12.25,5.75,12.0,157.5,-0.4345218988999999,-0.6303968988999998,-2.75,-6.25,14.75
3857288,2022-11-26,Tunisia,Australia,4.0,1.0,1.7001894015333334,2.531258849833333,1.7001894015333334,2.2700921831666667,15.0,14.333333333333334,8.0,9.666666666666666,183.0,-0.8310694483000001,-0.5699027816333335,0.6666666666666666,-1.6666666666666667,36.666666666666664,1.51155535415,2.5550565736249995,1.31568035415,2.359181573625,12.75,15.25,6.75,11.0,203.5,-1.043501219475,-1.043501219475,-2.5,-4.25,46.75
3857289,2022-11-26,Argentina,Mexico,5.0,1.0,1.5962509173333332,1.0322779516666667,1.335084250666667,0.5099446183333334,11.666666666666666,7.0,12.0,6.333333333333333,140.33333333333334,0.5639729656666667,0.8251396323333337,4.666666666666667,5.666666666666667,-101.0,1.6174657887400001,1.1921336803,1.3040657887400002,0.8787336803000001,14.6,8.8,13.2,6.6,148.2,0.42533210844,0.42533210844000024,5.8,6.6,-70.6
3857289,2022-11-26,Mexico,Argentina,5.0,1.0,0.9075460930333333,2.416278103666667,0.9075460930333333,1.8939447703333334,15.666666666666666,13.333333333333334,10.666666666666666,9.666666666666666,112.66666666666667,-1.5087320106333335,-0.9863986773000001,2.3333333333333335,1.0,-78.66666666666667,1.11869575322,2.0739772824400005,0.9619957532199999,1.7605772824400003,14.6,16.6,10.2,12.2,154.4,-0.9552815292200002,-0.79858152922,-2.0,-2.0,-38.8
3857297,2022-11-26,Poland,Saudi Arabia,4.0,1.0,1.0976127056666665,0.9355690890666667,0.8364460389999998,0.9355690890666667,9.333333333333334,11.666666666666666,5.0,8.0,163.0,0.16204361659999988,-0.09912305006666677,-2.3333333333333335,-3.0,-1.0,1.08379037525,1.0586144753,0.88791537525,1.0586144753,9.5,10.5,5.5,8.25,159.25,0.025175899949999858,-0.17069910005000014,-1.0,-2.75,-19.0
3857297,2022-11-26,Saudi Arabia,Poland,4.0,1.0,0.9909209834333333,1.740915439,0.4685876501,1.4797487723333334,10.666666666666666,12.333333333333334,5.666666666666667,13.666666666666666,170.66666666666666,-0.7499944555666666,-1.0111611222333334,-1.6666666666666667,-8.0,-4.333333333333333,0.805392362575,1.62608681475,0.413642362575,1.43021181475,9.5,12.75,5.25,14.25,158.25,-0.820694452175,-1.0165694521750002,-3.25,-9.0,-9.75
3857263,2022-11-27,Germany,Spain,4.0,1.0,2.2641682716666667,1.2796855193333332,2.003001605,1.2796855193333332,24.333333333333332,10.333333333333334,19.0,9.0,123.0,0.9844827523333334,0.7233160856666666,14.0,10.0,-100.33333333333333,2.27294091605,1.2080863312499999,2.07706591605,1.2080863312499999,24.75,10.75,20.25,9.0,133.5,1.0648545848,0.8689795847999999,14.0,11.25,-115.0
3857263,2022-11-27,Spain,Germany,5.0,1.0,2.2691732423333333,0.8260624946666667,2.0080065756666667,0.564895828,19.666666666666668,5.333333333333333,15.0,4.333333333333333,114.33333333333333,1.4431107476666665,1.443110747666667,14.333333333333334,10.666666666666666,-116.66666666666667,2.1330841562,0.8678485018,1.9763841562000004,0.5544485017999999,17.8,6.4,12.4,5.0,139.4,1.2652356544,1.4219356544000001,11.4,7.4,-103.6
3857281,2022-11-27,Canada,Croatia,1.0,1.0,2.5462123360000004,0.6700408539999999,1.762712336,0.6700408539999999,22.0,9.0,18.0,8.0,112.0,1.8761714820000008,1.092671482,13.0,10.0,29.0,2.5462123360000004,0.6700408539999999,1.762712336,0.6700408539999999,22.0,9.0,18.0,8.0,112.0,1.8761714820000008,1.092671482,13.0,10.0,29.0
3857281,2022-11-27,Croatia,Canada,8.0,1.0,1.4904892094,0.6690888946666668,1.4904892094,0.40792222800000005,14.0,9.0,9.333333333333334,7.333333333333333,127.0,0.8214003147333333,1.0825669814,5.0,2.0,-90.0,1.6584355604399998,0.7549401122,1.5017355604399998,0.5982401122000001,16.2,10.8,10.0,7.8,137.4,0.9034954482399998,0.9034954482399999,5.4,2.2,-65.6
3857283,2022-11-27,Belgium,Morocco,8.0,1.0,0.8525225359999999,1.8544185750000002,0.8525225359999999,1.5932519083333334,9.666666666666666,18.666666666666668,11.0,15.666666666666666,146.33333333333334,-1.0018960390000002,-0.7407293723333334,-9.0,-4.666666666666667,-32.0,1.1761310920999999,1.7732441686800002,1.1761310920999999,1.6165441686800002,13.0,18.6,12.4,15.6,181.8,-0.5971130765800002,-0.4404130765800002,-5.6,-3.2,7.8
3857283,2022-11-27,Morocco,Belgium,4.0,1.0,0.9631675081666667,1.446446616,0.9631675081666667,1.446446616,11.0,11.666666666666666,6.0,9.666666666666666,185.0,-0.4832791078333334,-0.4832791078333334,-0.6666666666666666,-3.6666666666666665,62.0,0.98717438775,1.259223931425,0.98717438775,1.259223931425,11.75,10.75,6.5,7.75,176.0,-0.27204954367500006,-0.27204954367500006,1.0,-1.25,31.75
3857295,2022-11-27,Costa Rica,Japan,4.0,1.0,0.5783020333333333,2.3593218410666665,0.3171353666666667,2.0981551744,6.0,17.666666666666668,5.333333333333333,17.0,138.33333333333334,-1.7810198077333332,-1.7810198077333332,-11.666666666666666,-11.666666666666666,19.333333333333332,0.5827319559249999,2.2676336318,0.386856955925,2.0717586318,7.0,16.25,5.75,15.5,128.0,-1.684901675875,-1.684901675875,-9.25,-9.75,7.25
3857295,2022-11-27,Japan,Costa Rica,5.0,1.0,0.9445528705666666,2.2421883971666663,0.9445528705666666,1.9810217304999995,11.666666666666666,21.666666666666668,8.0,15.0,175.66666666666666,-1.2976355265999997,-1.036468859933333,-10.0,-7.0,49.666666666666664,1.22730511354,1.8822171026999999,1.0706051135399999,1.7255171027,11.2,18.0,8.0,13.2,169.0,-0.6549119891599997,-0.6549119891599997,-6.8,-5.2,16.0
3857259,2022-11-28,Cameroon,Serbia,1.0,1.0,0.6130733495,1.426544536,0.6130733495,1.426544536,8.0,7.0,8.0,6.0,145.0,-0.8134711864999999,-0.8134711864999999,1.0,2.0,2.0,0.6130733495,1.426544536,0.6130733495,1.426544536,8.0,7.0,8.0,6.0,145.0,-0.8134711864999999,-0.8134711864999999,1.0,2.0,2.0
3857259,2022-11-28,Serbia,Cameroon,4.0,1.0,0.755043961,1.7003357967333335,0.755043961,1.7003357967333335,9.333333333333334,19.0,8.666666666666666,14.0,270.3333333333333,-0.9452918357333334,-0.9452918357333334,-9.666666666666666,-5.333333333333333,152.66666666666666,1.0644252217499999,1.424257278475,1.0644252217499999,1.424257278475,10.0,16.75,9.25,12.25,234.25,-0.35983205672500007,-0.35983205672500007,-6.75,-3.0,121.75
3857269,2022-11-28,Brazil,Switzerland,6.0,1.0,2.684502150966667,0.3837943656666665,2.684502150966667,0.3837943656666665,22.333333333333332,9.0,19.333333333333332,8.333333333333334,175.66666666666666,2.3007077853,2.3007077853,13.333333333333334,11.0,-34.333333333333336,2.51393568668,0.45167919459999994,2.51393568668,0.45167919459999994,21.0,8.4,20.0,7.0,147.2,2.0622564920800004,2.0622564920800004,12.6,13.0,-82.0
3857269,2022-11-28,Switzerland,Brazil,5.0,1.0,1.0597372787333332,1.0332506818333334,1.0597372787333332,0.7720840151666667,12.0,11.333333333333334,8.666666666666666,11.0,145.33333333333334,0.026486596899999954,0.2876532635666666,0.6666666666666666,-2.3333333333333335,-36.333333333333336,1.0417254353999998,1.2239654235,1.0417254353999998,1.0672654234999999,12.4,13.4,8.0,13.2,169.8,-0.18223998809999994,-0.025539988099999956,-1.0,-5.2,-45.2
3857270,2022-11-28,Portugal,Uruguay,5.0,1.0,1.5382893153000001,0.9443336182333333,1.0159559819666668,0.6831669515666666,15.666666666666666,8.333333333333334,12.666666666666666,5.0,123.66666666666667,0.5939556970666665,0.3327890304,7.333333333333333,7.666666666666667,-31.0,1.38688999558,1.18981007974,0.91678999558,1.03311007974,13.8,10.8,10.2,6.0,152.0,0.19707991583999993,-0.11632008415999999,3.0,4.2,-7.8
3857270,2022-11-28,Uruguay,Portugal,6.0,1.0,0.528832517,0.6757840696,0.528832517,0.6757840696,9.0,13.0,6.333333333333333,9.666666666666666,155.66666666666666,-0.1469515526,-0.1469515526,-4.0,-3.3333333333333335,31.666666666666668,1.17529308236,0.49620451442,1.17529308236,0.49620451442,11.4,10.0,7.8,7.6,170.6,0.6790885679399999,0.6790885679399999,1.4,0.2,18.0
3857299,2022-11-28,Ghana,South Korea,1.0,1.0,0.7800233097,2.096873393,0.7800233097,1.313373393,9.0,11.0,3.0,16.0,140.0,-1.3168500832999996,-0.5333500833,-2.0,-13.0,30.0,0.7800233097,2.096873393,0.7800233097,1.313373393,9.0,11.0,3.0,16.0,140.0,-1.3168500832999996,-0.5333500833,-2.0,-13.0,30.0
3857299,2022-11-28,South Korea,Ghana,4.0,1.0,1.0298053523333335,1.6670822046666665,1.0298053523333335,1.4059155379999997,12.0,17.666666666666668,8.0,14.0,207.33333333333334,-0.6372768523333333,-0.3761101856666666,-5.666666666666667,-6.0,98.66666666666667,0.8759470195,1.7540927675,0.8759470195,1.3623427675,10.25,17.25,7.25,12.5,192.5,-0.878145748,-0.486395748,-7.0,-5.25,82.25
3857261,2022-11-29,England,Wales,9.0,1.0,1.2610509053333334,1.0968680202333332,1.2610509053333334,0.8357013535666667,12.0,9.666666666666666,12.0,10.333333333333334,159.33333333333334,0.16418288509999998,0.4253495517666666,2.3333333333333335,1.6666666666666667,-26.333333333333332,1.0176105612000002,1.25322202664,1.0176105612000002,1.09652202664,11.8,11.8,12.8,9.4,181.6,-0.23561146543999997,-0.07891146544000002,0.0,3.4,-16.0
3857261,2022-11-29,Wales,England,2.0,1.0,1.0054856015,1.0282283711,0.6137356015,1.0282283711,8.5,13.5,7.5,11.0,109.0,-0.022742769600000046,-0.4144927696000001,-5.0,-3.5,-40.0,1.0054856015,1.0282283711,0.6137356015,1.0282283711,8.5,13.5,7.5,11.0,109.0,-0.022742769600000046,-0.4144927696000001,-5.0,-3.5,-40.0
3857267,2022-11-29,Ecuador,Senegal,2.0,1.0,1.4025328017,0.20432648775,1.0107828017,0.20432648775,10.5,3.5,8.5,2.0,152.0,1.1982063139499999,0.80645631395,7.0,6.5,35.0,1.4025328017,0.20432648775,1.0107828017,0.20432648775,10.5,3.5,8.5,2.0,152.0,1.1982063139499999,0.80645631395,7.0,6.5,35.0
3857267,2022-11-29,Senegal,Ecuador,5.0,1.0,0.6517741341666666,0.7896106143333332,0.6517741341666666,0.7896106143333332,11.333333333333334,8.0,9.666666666666666,6.333333333333333,155.33333333333334,-0.13783648016666664,-0.13783648016666664,3.3333333333333335,3.3333333333333335,39.0,1.0522674659,0.8786696445999999,1.0522674659,0.8786696445999999,11.2,8.2,10.4,6.4,165.2,0.1735978213,0.1735978213,3.0,4.0,36.6
3857278,2022-11-29,Iran,United States,5.0,1.0,1.4955287167666667,1.3750702536,0.9731953834333334,1.1139035869333334,12.666666666666666,12.666666666666666,8.333333333333334,7.0,147.66666666666666,0.12045846316666663,-0.1407082035,0.0,1.3333333333333333,29.666666666666668,1.1221202528,1.4762720341600002,0.8087202528,1.3195720341600001,10.4,14.0,6.2,8.0,181.2,-0.3541517813600001,-0.5108517813600001,-3.6,-1.8,52.8
3857278,2022-11-29,United States,Iran,2.0,1.0,0.5583928982999999,0.927987179,0.5583928982999999,0.536237179,8.0,7.5,10.0,10.5,147.0,-0.3695942807,0.02215571930000005,0.5,-0.5,31.5,0.5583928982999999,0.927987179,0.5583928982999999,0.536237179,8.0,7.5,10.0,10.5,147.0,-0.3695942807,0.02215571930000005,0.5,-0.5,31.5
3857294,2022-11-29,Netherlands,Qatar,2.0,1.0,0.6141739125,1.1712735057499999,0.6141739125,1.1712735057499999,6.0,15.0,5.5,9.5,119.5,-0.55709959325,-0.55709959325,-9.0,-4.0,-21.5,0.6141739125,1.1712735057499999,0.6141739125,1.1712735057499999,6.0,15.0,5.5,9.5,119.5,-0.55709959325,-0.55709959325,-9.0,-4.0,-21.5
3857294,2022-11-29,Qatar,Netherlands,2.0,1.0,0.63213756175,1.0284879602,0.63213756175,0.6367379602,7.5,9.0,4.5,10.0,124.0,-0.39635039845,-0.004600398449999998,-1.5,-5.5,-11.5,0.63213756175,1.0284879602,0.63213756175,0.6367379602,7.5,9.0,4.5,10.0,124.0,-0.39635039845,-0.004600398449999998,-1.5,-5.5,-11.5
3857257,2022-11-30,Australia,Denmark,5.0,1.0,0.7705333112333336,1.5196804068666665,0.7705333112333336,1.5196804068666665,9.666666666666666,13.666666666666666,6.333333333333333,12.333333333333334,158.66666666666666,-0.749147095633333,-0.749147095633333,-4.0,-6.0,24.0,0.9407645773400001,1.42700861172,0.6273645773400001,1.27030861172,9.4,12.6,6.0,12.2,151.4,-0.48624403437999986,-0.6429440343799998,-3.2,-6.2,13.0
3857257,2022-11-30,Denmark,Australia,6.0,1.0,1.0505324516666665,1.7212467150000001,1.0505324516666665,1.4600800483333334,11.666666666666666,18.333333333333332,6.666666666666667,10.0,133.0,-0.6707142633333335,-0.4095475966666668,-6.666666666666667,-3.3333333333333335,-8.0,0.86100004276,1.3988145062000001,0.86100004276,1.0854145062,10.0,15.8,7.2,9.0,148.6,-0.53781446344,-0.2244144634400001,-5.8,-1.8,12.2
3857260,2022-11-30,Mexico,Saudi Arabia,6.0,1.0,0.43944213436666657,1.5945172116666668,0.43944213436666657,1.333350545,9.666666666666666,10.0,9.0,8.333333333333334,132.0,-1.1550750773,-0.8939084106333334,-0.3333333333333333,0.6666666666666666,-35.0,0.9613163301600001,1.6791663404000001,0.80461633016,1.3657663404,13.0,12.4,9.4,8.6,119.0,-0.7178500102400001,-0.5611500102400001,0.6,0.8,-63.0
3857260,2022-11-30,Saudi Arabia,Mexico,5.0,1.0,1.5570845340000001,1.7165106236666665,0.7735845339999999,1.4553439570000002,13.666666666666666,10.666666666666666,7.666666666666667,13.0,154.0,-0.15942608966666663,-0.6817594230000003,3.0,-5.333333333333333,24.666666666666668,1.03870918686,1.6477039487999998,0.56860918686,1.4910039488,11.0,12.0,6.2,13.4,151.2,-0.60899476194,-0.9223947619400003,-1.0,-7.2,-3.8
3857264,2022-11-30,Argentina,Poland,6.0,1.0,1.421132344,0.6659601085666667,1.1599656773333333,0.40479344189999994,10.666666666666666,5.333333333333333,10.0,5.666666666666667,132.0,0.7551722354333333,0.7551722354333336,5.333333333333333,4.333333333333333,-57.666666666666664,1.2664029668,1.02698711174,1.1097029668,0.71358711174,10.0,7.8,9.8,6.2,153.2,0.23941585506000007,0.39611585506000024,2.2,3.6,-59.8
3857264,2022-11-30,Poland,Argentina,5.0,1.0,1.3042709213333332,1.1305803313,1.0431042546666667,0.8694136646333334,8.666666666666666,13.0,6.333333333333333,8.333333333333334,130.0,0.1736905900333333,0.17369059003333331,-4.333333333333333,-2.0,-1.6666666666666667,1.2138667972000001,1.2412868770399998,1.0571667972,1.08458687704,9.4,11.8,6.4,8.6,148.0,-0.02742007984000011,-0.0274200798400001,-2.4,-2.2,-19.2
3857275,2022-11-30,France,Tunisia,9.0,1.0,2.067342941666667,0.8973746905666666,1.8061762750000003,0.8973746905666666,17.333333333333332,9.666666666666666,13.666666666666666,5.0,116.33333333333333,1.1699682511000002,0.9088015844333336,7.666666666666667,8.666666666666666,6.666666666666667,1.68449970934,0.79043752874,1.5277997093400002,0.79043752874,16.4,9.6,12.2,6.2,133.8,0.8940621806000001,0.7373621806000001,6.8,6.0,12.2
3857275,2022-11-30,Tunisia,France,5.0,1.0,1.654853489,0.8721307044,1.654853489,0.8721307044,14.0,9.666666666666666,9.333333333333334,7.0,132.66666666666666,0.7827227846000001,0.7827227846000001,4.333333333333333,2.3333333333333335,-2.6666666666666665,1.4196783523199998,2.1158528126399996,1.2629783523199998,1.95915281264,13.0,14.0,8.0,10.2,187.0,-0.69617446032,-0.69617446032,-1.0,-2.2,36.2
3857255,2022-12-01,Japan,Spain,6.0,1.0,0.9055208427333333,1.9617398414999998,0.9055208427333333,1.700573174833333,12.333333333333334,19.333333333333332,8.333333333333334,14.0,165.66666666666666,-1.0562189987666664,-0.7950523320999996,-7.0,-5.666666666666667,36.666666666666664,0.91787702054,1.7608395736999998,0.91787702054,1.6041395737,11.0,16.8,7.6,12.4,163.8,-0.8429625531599998,-0.6862625531599997,-5.8,-4.8,28.2
3857255,2022-12-01,Spain,Japan,6.0,1.0,1.6141757811666668,0.8511263075666667,1.3530091145,0.5899596409000001,16.0,6.333333333333333,13.0,6.0,109.0,0.7630494735999999,0.7630494736000001,9.666666666666666,7.0,-85.66666666666667,1.9287949654000003,0.81031976674,1.7720949654000002,0.65361976674,16.8,6.6,13.2,5.2,121.2,1.1184751986600001,1.1184751986600001,10.2,8.0,-100.0
3857276,2022-12-01,Canada,Morocco,2.0,1.0,1.4165037585000002,1.6401259685,1.0247537585,1.6401259685,15.0,11.0,13.5,11.0,122.5,-0.2236222099999997,-0.6153722100000001,4.0,2.5,-2.0,1.4165037585000002,1.6401259685,1.0247537585,1.6401259685,15.0,11.0,13.5,11.0,122.5,-0.2236222099999997,-0.6153722100000001,4.0,2.5,-2.0
3857276,2022-12-01,Morocco,Canada,5.0,1.0,0.8085027336666667,1.365655229,0.8085027336666667,1.365655229,8.666666666666666,11.0,5.666666666666667,10.666666666666666,198.66666666666666,-0.5571524953333334,-0.5571524953333334,-2.3333333333333335,-5.0,80.66666666666667,0.9879612202000001,1.13590156154,0.9879612202000001,1.13590156154,11.4,10.6,6.8,7.8,173.0,-0.1479403413400001,-0.1479403413400001,0.8,-1.0,36.2
3857292,2022-12-01,Costa Rica,Germany,5.0,1.0,0.5918603563333333,1.5850454065666666,0.3306936896666667,1.3238787399,6.0,14.333333333333334,6.333333333333333,11.0,142.66666666666666,-0.9931850502333334,-0.9931850502333335,-8.333333333333334,-4.666666666666667,10.0,0.50605924154,1.96881360444,0.34935924154000003,1.81211360444,6.4,15.6,5.2,14.0,134.6,-1.4627543629,-1.4627543629,-9.2,-8.8,8.8
3857292,2022-12-01,Germany,Costa Rica,5.0,1.0,2.207124032233333,1.2211301931666665,1.9459573655666667,1.2211301931666665,22.0,10.333333333333334,17.666666666666668,9.666666666666666,119.33333333333333,0.9859938390666668,0.7248271723999999,11.666666666666666,8.0,-80.66666666666667,2.04774315558,1.0943692082999998,1.8910431555799998,1.0943692082999998,22.0,10.0,18.0,9.2,138.4,0.95337394728,0.79667394728,12.0,8.8,-85.2
3857296,2022-12-01,Belgium,Croatia,9.0,1.0,0.8777704653333332,1.624225837,0.8777704653333332,1.3630591703333332,10.0,15.666666666666666,10.333333333333334,14.0,149.66666666666666,-0.7464553716666669,-0.48528870499999993,-5.666666666666667,-3.6666666666666665,-32.666666666666664,0.7210871645999999,1.8327119882400003,0.7210871645999999,1.6760119882400002,9.4,18.2,10.2,15.8,175.2,-1.1116248236400001,-0.9549248236399999,-8.8,-5.6,2.4
3857296,2022-12-01,Croatia,Belgium,9.0,1.0,1.6467864259000002,0.5824659216666667,1.6467864259000002,0.32129925499999995,11.0,8.0,10.666666666666666,6.333333333333333,123.33333333333333,1.0643205042333335,1.3254871709,3.0,4.333333333333333,-29.333333333333332,1.7464306574400001,0.6730001973999999,1.7464306574400001,0.5163001974,14.6,9.6,10.8,7.6,133.8,1.07343046004,1.23013046004,5.0,3.2,-63.2
3857256,2022-12-02,Serbia,Switzerland,5.0,1.0,0.9499046293333332,1.8713360164666668,0.9499046293333332,1.8713360164666668,10.333333333333334,17.0,8.0,15.333333333333334,211.33333333333334,-0.9214313871333335,-0.9214313871333335,-6.666666666666667,-7.333333333333333,103.33333333333333,1.199153634,1.5534676925200002,1.199153634,1.5534676925200002,11.0,16.0,10.0,12.2,211.2,-0.3543140585200001,-0.3543140585200001,-5.0,-2.2,97.6
3857256,2022-12-02,Switzerland,Serbia,6.0,1.0,0.7493872531666667,0.8154231021666667,0.7493872531666667,0.8154231021666667,9.666666666666666,11.0,8.0,10.333333333333334,125.33333333333333,-0.066035849,-0.066035849,-1.3333333333333333,-2.3333333333333335,-51.666666666666664,1.00502994014,1.0351934539,1.00502994014,0.8784934539,12.2,11.8,8.0,12.2,139.0,-0.030163513760000038,0.12653648623999997,0.4,-4.2,-50.0
3857262,2022-12-02,Portugal,South Korea,6.0,1.0,1.4353947088999999,0.8242374415666666,0.9130613755666667,0.8242374415666666,15.666666666666666,9.0,13.666666666666666,4.666666666666667,98.0,0.6111572673333331,0.08882393399999995,6.666666666666667,9.0,-51.333333333333336,1.3427176389,1.10095696044,0.8726176389000001,0.94425696044,14.8,10.6,10.6,6.0,115.8,0.24176067845999993,-0.07163932154,4.2,4.6,-26.0
3857262,2022-12-02,South Korea,Portugal,5.0,1.0,1.2118052066666667,1.4347435739999999,1.2118052066666667,1.4347435739999999,13.333333333333334,15.333333333333334,11.0,12.666666666666666,173.66666666666666,-0.22293836733333328,-0.22293836733333328,-2.0,-1.6666666666666667,59.666666666666664,0.9743161786,1.6393813796,0.9743161786,1.3259813796,12.4,15.2,9.2,11.2,179.2,-0.665065201,-0.351665201,-2.8,-2.0,65.8
3857280,2022-12-02,Brazil,Cameroon,7.0,1.0,1.8852717103000003,0.28573748399999993,1.8852717103000003,0.28573748399999993,20.333333333333332,6.333333333333333,18.333333333333332,5.666666666666667,124.66666666666667,1.5995342263,1.5995342263,14.0,12.666666666666666,-71.66666666666667,2.0792091161800004,0.47766634659999996,2.0792091161800004,0.47766634659999996,19.0,8.8,17.4,8.2,147.0,1.60154276958,1.60154276958,10.2,9.2,-75.0
3857280,2022-12-02,Cameroon,Brazil,2.0,1.0,1.3416913491,1.5823059095,1.3416913491,1.5823059095,10.5,11.0,10.0,9.5,131.5,-0.24061456039999998,-0.24061456039999998,-0.5,0.5,0.5,1.3416913491,1.5823059095,1.3416913491,1.5823059095,10.5,11.0,10.0,9.5,131.5,-0.24061456039999998,-0.24061456039999998,-0.5,0.5,0.5
3857293,2022-12-02,Ghana,Uruguay,2.0,1.0,0.9802795688499999,1.7323331039999998,0.9802795688499999,1.3405831039999998,8.0,16.0,4.5,16.5,133.0,-0.7520535351499998,-0.36030353515,-8.0,-12.0,15.0,0.9802795688499999,1.7323331039999998,0.9802795688499999,1.3405831039999998,8.0,16.0,4.5,16.5,133.0,-0.7520535351499998,-0.36030353515,-8.0,-12.0,15.0
3857293,2022-12-02,Uruguay,Ghana,7.0,1.0,0.7757235613333333,0.7485031621,0.7757235613333333,0.4873364954333334,10.333333333333334,11.0,6.666666666666667,8.0,136.33333333333334,0.027220399233333335,0.28838706589999996,-0.6666666666666666,-1.3333333333333333,16.333333333333332,1.05715191096,0.68425414908,1.05715191096,0.52755414908,10.8,11.4,6.6,8.8,147.6,0.37289776188,0.5295977618800001,-0.6,-2.2,12.4
3869117,2022-12-03,Netherlands,United States,3.0,1.0,0.9807670326666665,0.8287545288333332,0.9807670326666665,0.8287545288333332,8.333333333333334,11.666666666666666,6.666666666666667,7.666666666666667,125.33333333333333,0.15201250383333326,0.15201250383333326,-3.3333333333333335,-1.0,-11.0,0.9807670326666665,0.8287545288333332,0.9807670326666665,0.8287545288333332,8.333333333333334,11.666666666666666,6.666666666666667,7.666666666666667,125.33333333333333,0.15201250383333326,0.15201250383333326,-3.3333333333333335,-1.0,-11.0
3869117,2022-12-03,United States,Netherlands,3.0,1.0,0.7621467992,0.9255881,0.7621467992,0.6644214333333333,9.333333333333334,6.333333333333333,11.0,9.333333333333334,144.66666666666666,-0.16344130080000008,0.09772536586666664,3.0,1.6666666666666667,17.666666666666668,0.7621467992,0.9255881,0.7621467992,0.6644214333333333,9.333333333333334,6.333333333333333,11.0,9.333333333333334,144.66666666666666,-0.16344130080000008,0.09772536586666664,3.0,1.6666666666666667,17.666666666666668
3869151,2022-12-03,Argentina,Australia,7.0,1.0,1.9644990946666667,0.18581617956666663,1.4421657613333334,0.18581617956666663,14.666666666666666,3.6666666666666665,16.666666666666668,3.6666666666666665,101.33333333333333,1.7786829151,1.2563495817666668,11.0,13.0,-29.666666666666668,1.6381233180000003,0.70016415034,1.324723318,0.38676415034,12.8,5.8,14.0,5.2,123.6,0.9379591676600001,0.9379591676600001,7.0,8.8,-71.6
3869151,2022-12-03,Australia,Argentina,6.0,1.0,0.3840178952333333,1.6532735883333334,0.3840178952333333,1.6532735883333334,7.0,17.0,4.0,17.333333333333332,111.0,-1.2692556930999999,-1.2692556930999999,-10.0,-13.333333333333334,9.333333333333334,0.8387030403400001,1.2621281253199998,0.6820030403400001,1.2621281253199998,10.0,13.0,5.8,13.8,149.0,-0.42342508497999987,-0.5801250849799998,-3.0,-8.0,17.6
3869118,2022-12-04,England,Senegal,10.0,1.0,1.7877604203333333,0.7259850329,1.7877604203333333,0.46481836623333334,13.0,8.333333333333334,12.666666666666666,6.333333333333333,92.66666666666667,1.0617753874333336,1.3229420541,4.666666666666667,6.333333333333333,-52.0,1.4490603972,1.1279865984400002,1.4490603972,0.9712865984400001,13.0,11.6,13.2,8.8,175.6,0.32107379876000003,0.47777379876000003,1.4,4.4,1.6
3869118,2022-12-04,Senegal,England,6.0,1.0,1.1006406794999999,1.0285442533333333,0.8394740128333332,1.0285442533333333,13.333333333333334,9.666666666666666,10.333333333333334,7.666666666666667,125.0,0.07209642616666666,-0.1890702404999999,3.6666666666666665,2.6666666666666665,3.0,1.1082102810999999,0.8705375251999999,0.9515102811,0.8705375251999999,12.4,8.0,10.4,6.4,146.2,0.23767275589999995,0.08097275590000001,4.4,4.0,24.6
3869152,2022-12-04,France,Poland,10.0,1.0,1.8603515303333336,0.503394456,1.8603515303333336,0.503394456,18.0,6.333333333333333,14.333333333333334,4.333333333333333,95.33333333333333,1.3569570743333335,1.3569570743333335,11.666666666666666,10.0,-18.666666666666668,1.6721409926,0.71146787034,1.5154409926,0.71146787034,16.2,8.6,12.2,6.6,118.4,0.96067312226,0.8039731222600001,7.6,5.6,11.2
3869152,2022-12-04,Poland,France,6.0,1.0,1.0232313193333333,1.8592570381333335,0.7620646526666666,1.3369237048,6.333333333333333,17.333333333333332,5.0,15.333333333333334,114.33333333333333,-0.8360257188000001,-0.5748590521333332,-11.0,-10.333333333333334,12.0,1.0449211693999998,1.5710686900400002,0.8882211693999998,1.25766869004,8.2,15.2,5.4,12.4,139.4,-0.5261475206400001,-0.36944752063999997,-7.0,-7.0,-1.2
3869219,2022-12-05,Croatia,Japan,10.0,1.0,1.3850311613333333,1.0104247496,1.3850311613333333,1.0104247496,9.666666666666666,10.666666666666666,13.666666666666666,8.0,145.66666666666666,0.3746064117333334,0.3746064117333334,-1.0,5.666666666666667,5.666666666666667,1.55534012144,0.93518039136,1.55534012144,0.77848039136,13.2,10.2,12.2,8.2,142.2,0.6201597300799999,0.7768597300800001,3.0,4.0,-38.4
3869219,2022-12-05,Japan,Croatia,7.0,1.0,1.060197916,1.2750333376666667,1.060197916,1.013866671,10.333333333333334,14.0,8.333333333333334,11.333333333333334,186.33333333333334,-0.2148354216666667,0.046331245000000076,-3.6666666666666665,-3.0,74.33333333333333,0.95299855574,1.5567291567,0.95299855574,1.4000291566999998,10.8,16.2,7.8,11.8,180.4,-0.6037306009599999,-0.4470306009599997,-5.4,-4.0,54.8
3869253,2022-12-05,Brazil,South Korea,8.0,1.0,1.8082794429,0.2784390236666666,1.8082794429,0.2784390236666666,19.0,6.0,15.0,5.0,112.66666666666667,1.5298404192333335,1.5298404192333335,13.0,10.0,-20.333333333333332,2.27089105258,0.3646746047999999,2.27089105258,0.3646746047999999,20.2,8.0,17.0,7.8,152.6,1.9062164477799999,1.9062164477799999,12.2,9.2,-23.8
3869253,2022-12-05,South Korea,Brazil,6.0,1.0,1.0865892706666667,0.8571841419999999,1.0865892706666667,0.8571841419999999,13.333333333333334,10.0,10.0,7.666666666666667,113.33333333333333,0.2294051286666666,0.2294051286666666,3.3333333333333335,2.3333333333333335,9.666666666666666,1.1712382692,1.4311009416,1.1712382692,1.2744009416,13.8,14.6,9.4,11.4,171.8,-0.25986267240000005,-0.10316267239999996,-0.8,-2.0,64.8
3869220,2022-12-06,Morocco,Spain,6.0,1.0,0.5933837836666666,0.8626968663333333,0.5933837836666666,0.8626968663333333,8.333333333333334,6.666666666666667,5.666666666666667,7.333333333333333,161.0,-0.26931308266666676,-0.26931308266666676,1.6666666666666667,-1.6666666666666667,44.666666666666664,0.8614029798999999,1.2155139884000001,0.8614029798999999,1.2155139884000001,10.0,10.0,6.0,8.6,174.0,-0.35411100850000005,-0.35411100850000005,0.0,-2.6,51.8
3869220,2022-12-06,Spain,Morocco,7.0,1.0,1.4197121325,0.7682509285666667,1.1585454658333334,0.7682509285666667,12.0,5.666666666666667,12.666666666666666,5.666666666666667,97.66666666666667,0.6514612039333333,0.3902945372666667,6.333333333333333,7.0,-81.0,1.6609465303,0.95658805394,1.5042465303,0.79988805394,15.6,6.6,13.2,5.8,111.2,0.7043584763599999,0.70435847636,9.0,7.4,-104.8
3869254,2022-12-06,Portugal,Switzerland,7.0,1.0,1.4281098882,1.1318956192333334,0.9057765548666667,1.1318956192333334,13.0,10.666666666666666,11.666666666666666,5.0,93.0,0.2962142689666666,-0.22611906436666662,2.3333333333333335,6.666666666666667,-32.333333333333336,1.3604648435,1.0897328805400002,0.8903648435000001,0.9330328805400001,15.0,9.6,11.4,5.4,108.0,0.27073196295999996,-0.04266803703999997,5.4,6.0,-32.0
3869254,2022-12-06,Switzerland,Portugal,7.0,1.0,1.6062297276666666,0.9082689435,1.6062297276666666,0.9082689435,9.0,11.0,7.666666666666667,10.666666666666666,112.66666666666667,0.6979607841666667,0.6979607841666667,-2.0,-3.0,-1.6666666666666667,1.3142712966399999,1.0422971052999999,1.3142712966399999,0.8855971052999999,11.2,11.8,8.6,11.4,126.2,0.27197419134,0.42867419134,-0.6,-2.8,-22.4
3869321,2022-12-09,Argentina,Netherlands,8.0,1.0,1.6278143803333336,0.2767015722333333,1.3666477136666666,0.2767015722333333,14.333333333333334,4.333333333333333,15.666666666666666,4.333333333333333,108.0,1.3511128081000001,1.0899461414333333,10.0,11.333333333333334,-48.0,1.7643272068000002,0.52431867814,1.4509272068,0.36761867814,14.0,5.0,14.2,5.0,122.2,1.2400085286600002,1.0833085286600002,9.0,9.2,-55.8
3869321,2022-12-09,Netherlands,Argentina,4.0,1.0,1.1001218043333332,1.1489561413333333,1.1001218043333332,1.1489561413333333,8.666666666666666,12.666666666666666,6.666666666666667,8.666666666666666,136.66666666666666,-0.04883433700000007,-0.04883433700000007,-4.0,-2.0,3.3333333333333335,1.1060623032499999,1.034590282625,1.1060623032499999,1.034590282625,9.0,13.25,7.0,10.0,128.5,0.07147202062499994,0.07147202062499994,-4.25,-3.0,0.5
3869420,2022-12-09,Brazil,Croatia,9.0,1.0,2.1874576356666666,0.3389390681333333,1.926290969,0.3389390681333333,17.333333333333332,7.0,14.666666666666666,7.0,113.0,1.8485185675333333,1.5873519008666668,10.333333333333334,7.666666666666667,-29.333333333333332,2.2590916183800003,0.31708009627999995,2.1023916183800004,0.31708009627999995,20.0,6.8,17.2,6.4,121.8,1.9420115221,1.7853115221000002,13.2,10.8,-59.0
3869420,2022-12-09,Croatia,Brazil,11.0,1.0,1.386543495,1.2458706796,1.386543495,1.2458706796,13.666666666666666,12.333333333333334,15.666666666666666,9.333333333333334,160.0,0.14067281540000012,0.14067281540000012,1.3333333333333333,6.333333333333333,31.666666666666668,1.29795573594,1.03964292456,1.29795573594,0.88294292456,12.2,10.6,13.0,7.6,136.8,0.25831281138000006,0.41501281138,1.6,5.4,-5.2
3869354,2022-12-10,England,France,11.0,1.0,1.4653823256666667,0.565034311,1.4653823256666667,0.565034311,11.333333333333334,9.0,14.333333333333334,6.666666666666667,90.66666666666667,0.9003480146666667,0.9003480146666667,2.3333333333333335,7.666666666666667,-52.666666666666664,1.5437322694,0.8942839983399999,1.5437322694,0.73758399834,12.4,9.2,13.4,8.0,129.4,0.64944827106,0.80614827106,3.2,5.4,-36.6
3869354,2022-12-10,France,England,11.0,1.0,1.1789777653333335,0.926805984,1.1789777653333335,0.6656393173333334,15.666666666666666,9.0,11.333333333333334,5.666666666666667,106.66666666666667,0.25217178133333346,0.5133384480000001,6.666666666666667,5.666666666666667,-12.333333333333334,1.5610785384,0.9167996363400001,1.4043785384,0.76009963634,15.6,9.2,11.8,5.8,112.0,0.6442789020600002,0.6442789020600002,6.4,6.0,0.2
3869486,2022-12-10,Morocco,Portugal,7.0,1.0,0.6626289936666666,0.7444069846333333,0.6626289936666666,0.7444069846333333,7.666666666666667,9.0,5.0,10.0,164.0,-0.08177799096666678,-0.08177799096666678,-1.3333333333333333,-5.0,32.666666666666664,0.6844573263999999,1.13751491178,0.6844573263999999,1.13751491178,7.8,10.0,4.8,10.8,185.4,-0.4530575853800001,-0.4530575853800001,-2.2,-6.0,57.2
3869486,2022-12-10,Portugal,Morocco,8.0,1.0,1.4905720928666668,1.29583024,1.2294054262000003,1.29583024,14.333333333333334,11.0,10.666666666666666,6.0,113.66666666666667,0.19474185286666687,-0.06642481379999977,3.3333333333333335,4.666666666666667,-0.3333333333333333,1.5128332799400002,1.02870439414,1.19943327994,1.02870439414,15.0,9.8,12.6,5.2,109.8,0.4841288858,0.1707288858000001,5.2,7.4,-23.2
3869519,2022-12-13,Argentina,Croatia,9.0,1.0,2.1658120443333337,0.39775029733333334,1.6434787110000002,0.39775029733333334,17.333333333333332,5.333333333333333,17.666666666666668,5.666666666666667,135.0,1.7680617470000002,1.2457284136666669,12.0,12.0,-44.0,1.8628547436000003,0.31062083714,1.3927547436,0.31062083714,14.4,4.6,15.0,5.2,124.2,1.5522339064600001,1.0821339064600002,9.8,9.8,-40.8
3869519,2022-12-13,Croatia,Argentina,12.0,1.0,0.7274360686666667,1.7557158044333334,0.7274360686666667,1.7557158044333334,12.333333333333334,16.333333333333332,14.0,12.0,155.0,-1.0282797357666669,-1.0282797357666669,-4.0,2.0,16.333333333333332,1.1284759588,1.18331631406,1.1284759588,1.18331631406,11.0,13.0,12.8,10.0,147.6,-0.05484035526000004,-0.05484035526000004,-2.0,2.8,4.2
3869552,2022-12-14,France,Morocco,12.0,1.0,0.814241967,1.414808529,0.814241967,0.631308529,11.333333333333334,11.0,9.0,7.666666666666667,109.66666666666667,-0.600566562,0.18293343799999992,0.3333333333333333,1.3333333333333333,-4.333333333333333,1.5093582236,1.0912523938,1.5093582236,0.6211523938,15.6,9.4,12.6,5.6,104.2,0.4181058298000001,0.8882058298000001,6.2,7.0,-10.6
3869552,2022-12-14,Morocco,France,8.0,1.0,0.6562671019999999,0.7782432095333333,0.6562671019999999,0.7782432095333333,7.333333333333333,9.666666666666666,4.0,11.666666666666666,164.66666666666666,-0.12197610753333339,-0.12197610753333339,-2.3333333333333335,-7.666666666666667,42.666666666666664,0.6645097663999999,0.76544044312,0.6645097663999999,0.76544044312,8.0,8.8,5.0,10.2,164.6,-0.10093067672000007,-0.10093067672000007,-0.8,-5.2,48.6
3869684,2022-12-17,Croatia,Morocco,13.0,1.0,0.6324466504333334,1.5832235311666667,0.6324466504333334,1.3220568645000002,12.666666666666666,14.0,9.0,12.333333333333334,133.0,-0.9507768807333336,-0.689610214066667,-1.3333333333333333,-3.3333333333333335,-30.0,1.04051458606,1.4836611732600002,1.04051458606,1.3269611732600002,12.4,13.2,12.0,11.2,145.8,-0.44314658720000005,-0.28644658720000005,-0.8,0.8,-2.4
3869684,2022-12-17,Morocco,Croatia,9.0,1.0,0.9242538236666666,1.0805202442,0.9242538236666666,1.0805202442,9.333333333333334,12.666666666666666,6.333333333333333,13.666666666666666,152.66666666666666,-0.1562664205333334,-0.1562664205333334,-3.3333333333333335,-7.333333333333333,12.333333333333334,0.8380547692,0.99595816532,0.8380547692,0.99595816532,9.0,10.6,6.2,11.0,154.6,-0.1579033961200001,-0.1579033961200001,-1.6,-4.8,22.0
3869685,2022-12-18,Argentina,France,10.0,1.0,1.7617132353333336,0.4685697627666667,1.2393799020000003,0.4685697627666667,12.333333333333334,8.0,12.0,6.333333333333333,169.66666666666666,1.2931434725666666,0.7708101392333336,4.333333333333333,5.666666666666667,-7.0,1.7374007088000003,0.36193923699999997,1.2673007088000001,0.36193923699999997,13.2,6.4,14.0,5.2,141.2,1.3754614718,0.9053614718,6.8,8.8,-15.2
3869685,2022-12-18,France,Argentina,13.0,1.0,1.3227285476666666,1.7254808636666665,1.3227285476666666,0.9419808636666667,12.666666666666666,13.666666666666666,10.666666666666666,8.666666666666666,141.66666666666666,-0.40275231599999994,0.380747684,-1.0,2.0,25.0,1.2757488892000002,1.2726666838,1.2757488892000002,0.8025666838,13.8,11.2,11.0,7.4,125.6,0.003082205400000121,0.4731822054000001,2.6,3.6,8.2
