feature_profile,max_iter,learning_rate,max_leaf_nodes,l2_regularization,class_weight,draw_probability_multiplier,calibration_temperature,validation_accuracy,pooled_validation_accuracy,validation_log_loss,selected
baseline_no_market,80,0.04,7,1.0,none,0.85,0.85,0.5971860037619698,0.619105199516324,0.9237274812238139,False
baseline_no_market,80,0.04,7,1.0,none,0.85,1.0,0.5971860037619698,0.619105199516324,0.9184343882562575,False
baseline_no_market,80,0.04,7,1.0,none,0.85,1.15,0.5971860037619698,0.619105199516324,0.9201142243723726,False
baseline_no_market,80,0.04,7,1.0,none,0.85,1.3,0.5971860037619698,0.619105199516324,0.9250745568432648,False
baseline_no_market,80,0.04,7,1.0,none,0.85,1.5,0.5971860037619698,0.619105199516324,0.9337805755163436,False
baseline_no_market,80,0.04,7,1.0,none,0.95,0.85,0.5934507523939808,0.619105199516324,0.9212487629601438,False
baseline_no_market,80,0.04,7,1.0,none,0.95,1.0,0.5934507523939808,0.619105199516324,0.9182112023927927,False
baseline_no_market,80,0.04,7,1.0,none,0.95,1.15,0.5934507523939808,0.619105199516324,0.9212179431748209,False
baseline_no_market,80,0.04,7,1.0,none,0.95,1.3,0.5934507523939808,0.619105199516324,0.92697679333693,False
baseline_no_market,80,0.04,7,1.0,none,0.95,1.5,0.5934507523939808,0.619105199516324,0.9362796823814281,False
baseline_no_market,80,0.04,7,1.0,none,1.0,0.85,0.5895445023939808,0.6185006045949214,0.9210192788810114,False
baseline_no_market,80,0.04,7,1.0,none,1.0,1.0,0.5895445023939808,0.6185006045949214,0.9188108548488261,False
baseline_no_market,80,0.04,7,1.0,none,1.0,1.15,0.5895445023939808,0.6185006045949214,0.9222828018662046,False
baseline_no_market,80,0.04,7,1.0,none,1.0,1.3,0.5895445023939808,0.6185006045949214,0.9283040832135534,False
baseline_no_market,80,0.04,7,1.0,none,1.0,1.5,0.5895445023939808,0.6185006045949214,0.9377818134700193,False
baseline_no_market,80,0.04,7,1.0,none,1.05,0.85,0.5776547537619698,0.6160822249093107,0.9213589184080928,False
baseline_no_market,80,0.04,7,1.0,none,1.05,1.0,0.5776547537619698,0.6160822249093107,0.9198070865918223,False
baseline_no_market,80,0.04,7,1.0,none,1.05,1.15,0.5776547537619698,0.6160822249093107,0.9236308173638195,False
baseline_no_market,80,0.04,7,1.0,none,1.05,1.3,0.5776547537619698,0.6160822249093107,0.9298368507998818,False
baseline_no_market,80,0.04,7,1.0,none,1.05,1.5,0.5776547537619698,0.6160822249093107,0.9394197672689711,False
baseline_no_market,80,0.04,7,1.0,none,1.1,0.85,0.5779967510259918,0.6172914147521161,0.922203456659201,False
baseline_no_market,80,0.04,7,1.0,none,1.1,1.0,0.5779967510259918,0.6172914147521161,0.9211524723368909,False
baseline_no_market,80,0.04,7,1.0,none,1.1,1.15,0.5779967510259918,0.6172914147521161,0.9252262829560276,False
baseline_no_market,80,0.04,7,1.0,none,1.1,1.3,0.5779967510259918,0.6172914147521161,0.9315477815500712,False
baseline_no_market,80,0.04,7,1.0,none,1.1,1.5,0.5779967510259918,0.6172914147521161,0.9411740676404123,False
baseline_no_market,80,0.04,7,1.0,none,1.15,0.85,0.573235507865937,0.6136638452237001,0.9234974177897242,False
baseline_no_market,80,0.04,7,1.0,none,1.15,1.0,0.573235507865937,0.6136638452237001,0.9228063251603109,False
baseline_no_market,80,0.04,7,1.0,none,1.15,1.15,0.573235507865937,0.6136638452237001,0.927038734767106,False
baseline_no_market,80,0.04,7,1.0,none,1.15,1.3,0.573235507865937,0.6136638452237001,0.9334136856329115,False
baseline_no_market,80,0.04,7,1.0,none,1.15,1.5,0.573235507865937,0.6136638452237001,0.9430282813452089,False
baseline_no_market,80,0.04,7,1.0,none,1.2,0.85,0.5608327633378933,0.6094316807738815,0.9251925999285138,False
baseline_no_market,80,0.04,7,1.0,none,1.2,1.0,0.5608327633378933,0.6094316807738815,0.9247335266550836,False
baseline_no_market,80,0.04,7,1.0,none,1.2,1.15,0.5608327633378933,0.6094316807738815,0.9290420206507385,False
baseline_no_market,80,0.04,7,1.0,none,1.2,1.3,0.5608327633378933,0.6094316807738815,0.9354147514927017,False
baseline_no_market,80,0.04,7,1.0,none,1.2,1.5,0.5608327633378933,0.6094316807738815,0.9449684552949495,False
baseline_no_market,120,0.03,7,1.0,none,0.85,0.85,0.5897155010259918,0.619105199516324,0.9225371462549761,False
baseline_no_market,120,0.03,7,1.0,none,0.85,1.0,0.5897155010259918,0.619105199516324,0.9167678789721947,False
baseline_no_market,120,0.03,7,1.0,none,0.85,1.15,0.5897155010259918,0.619105199516324,0.9181288581753497,False
baseline_no_market,120,0.03,7,1.0,none,0.85,1.3,0.5897155010259918,0.619105199516324,0.9228864435508883,False
baseline_no_market,120,0.03,7,1.0,none,0.85,1.5,0.5897155010259918,0.619105199516324,0.9314461033659123,False
baseline_no_market,120,0.03,7,1.0,none,0.95,0.85,0.5859802496580028,0.619105199516324,0.9199476779534663,False
baseline_no_market,120,0.03,7,1.0,none,0.95,1.0,0.5859802496580028,0.619105199516324,0.9164571817474716,True
baseline_no_market,120,0.03,7,1.0,none,0.95,1.15,0.5859802496580028,0.619105199516324,0.9191618115208212,False
baseline_no_market,120,0.03,7,1.0,none,0.95,1.3,0.5859802496580028,0.619105199516324,0.9247306428320209,False
baseline_no_market,120,0.03,7,1.0,none,0.95,1.5,0.5859802496580028,0.619105199516324,0.9338999156110181,False
baseline_no_market,120,0.03,7,1.0,none,1.0,0.85,0.5893735037619698,0.6178960096735188,0.9196644003616058,False
baseline_no_market,120,0.03,7,1.0,none,1.0,1.0,0.5893735037619698,0.6178960096735188,0.9170145230175266,False
baseline_no_market,120,0.03,7,1.0,none,1.0,1.15,0.5893735037619698,0.6178960096735188,0.9201926142761454,False
baseline_no_market,120,0.03,7,1.0,none,1.0,1.3,0.5893735037619698,0.6178960096735188,0.9260301219971252,False
baseline_no_market,120,0.03,7,1.0,none,1.0,1.5,0.5893735037619698,0.6178960096735188,0.9353804495563094,False
baseline_no_market,120,0.03,7,1.0,none,1.05,0.85,0.5820739996580028,0.6185006045949214,0.919951256408633,False
baseline_no_market,120,0.03,7,1.0,none,1.05,1.0,0.5820739996580028,0.6185006045949214,0.9179693432199385,False
baseline_no_market,120,0.03,7,1.0,none,1.05,1.15,0.5820739996580028,0.6185006045949214,0.9215073887783486,False
baseline_no_market,120,0.03,7,1.0,none,1.05,1.3,0.5820739996580028,0.6185006045949214,0.9275358140502122,False
baseline_no_market,120,0.03,7,1.0,none,1.05,1.5,0.5820739996580028,0.6185006045949214,0.9369974399742755,False
baseline_no_market,120,0.03,7,1.0,none,1.1,0.85,0.5740905010259918,0.6166868198307134,0.9207439874823908,False
baseline_no_market,120,0.03,7,1.0,none,1.1,1.0,0.5740905010259918,0.6166868198307134,0.9192741738266261,False
baseline_no_market,120,0.03,7,1.0,none,1.1,1.15,0.5740905010259918,0.6166868198307134,0.9230703822831974,False
baseline_no_market,120,0.03,7,1.0,none,1.1,1.3,0.5740905010259918,0.6166868198307134,0.9292203587519505,False
baseline_no_market,120,0.03,7,1.0,none,1.1,1.5,0.5740905010259918,0.6166868198307134,0.938731367936168,False
baseline_no_market,120,0.03,7,1.0,none,1.15,0.85,0.5700132523939808,0.6154776299879081,0.921987084156034,False
baseline_no_market,120,0.03,7,1.0,none,1.15,1.0,0.5700132523939808,0.6154776299879081,0.9208882877207183,False
baseline_no_market,120,0.03,7,1.0,none,1.15,1.15,0.5700132523939808,0.6154776299879081,0.9248510890453513,False
baseline_no_market,120,0.03,7,1.0,none,1.15,1.3,0.5700132523939808,0.6154776299879081,0.9310605251353657,False
baseline_no_market,120,0.03,7,1.0,none,1.15,1.5,0.5700132523939808,0.6154776299879081,0.940565761980032,False
baseline_no_market,120,0.03,7,1.0,none,1.2,0.85,0.5661070023939808,0.6148730350665055,0.9236323114450107,False
baseline_no_market,120,0.03,7,1.0,none,1.2,1.0,0.5661070023939808,0.6148730350665055,0.9227765290841524,False
baseline_no_market,120,0.03,7,1.0,none,1.2,1.15,0.5661070023939808,0.6148730350665055,0.9268233186971828,False
baseline_no_market,120,0.03,7,1.0,none,1.2,1.3,0.5661070023939808,0.6148730350665055,0.9330364644471737,False
baseline_no_market,120,0.03,7,1.0,none,1.2,1.5,0.5661070023939808,0.6148730350665055,0.9424866347052753,False
baseline_no_market,120,0.04,15,3.0,none,0.85,0.85,0.5846122606019152,0.6142684401451027,0.9469160955816326,False
baseline_no_market,120,0.04,15,3.0,none,0.85,1.0,0.5846122606019152,0.6142684401451027,0.9305109433833012,False
baseline_no_market,120,0.04,15,3.0,none,0.85,1.15,0.5846122606019152,0.6142684401451027,0.9245903459868039,False
baseline_no_market,120,0.04,15,3.0,none,0.85,1.3,0.5846122606019152,0.6142684401451027,0.9242632823321406,False
baseline_no_market,120,0.04,15,3.0,none,0.85,1.5,0.5846122606019152,0.6142684401451027,0.9282747783707903,False
baseline_no_market,120,0.04,15,3.0,none,0.95,0.85,0.585296255129959,0.6166868198307134,0.9425027872891723,False
baseline_no_market,120,0.04,15,3.0,none,0.95,1.0,0.585296255129959,0.6166868198307134,0.9286246027269333,False
baseline_no_market,120,0.04,15,3.0,none,0.95,1.15,0.585296255129959,0.6166868198307134,0.9242637558616148,False
baseline_no_market,120,0.04,15,3.0,none,0.95,1.3,0.585296255129959,0.6166868198307134,0.9249319948960679,False
baseline_no_market,120,0.04,15,3.0,none,0.95,1.5,0.585296255129959,0.6166868198307134,0.9297544700995998,False
baseline_no_market,120,0.04,15,3.0,none,1.0,0.85,0.5847832592339262,0.6148730350665055,0.9413117023082397,False
baseline_no_market,120,0.04,15,3.0,none,1.0,1.0,0.5847832592339262,0.6148730350665055,0.9284089672423068,False
baseline_no_market,120,0.04,15,3.0,none,1.0,1.15,0.5847832592339262,0.6148730350665055,0.9246343239201054,False
baseline_no_market,120,0.04,15,3.0,none,1.0,1.3,0.5847832592339262,0.6148730350665055,0.9256649007330149,False
baseline_no_market,120,0.04,15,3.0,none,1.0,1.5,0.5847832592339262,0.6148730350665055,0.9307689744396855,False
baseline_no_market,120,0.04,15,3.0,none,1.05,0.85,0.581219006497948,0.6154776299879081,0.940694367357962,False
baseline_no_market,120,0.04,15,3.0,none,1.05,1.0,0.581219006497948,0.6154776299879081,0.9286005426650307,False
baseline_no_market,120,0.04,15,3.0,none,1.05,1.15,0.581219006497948,0.6154776299879081,0.9253011367321682,False
baseline_no_market,120,0.04,15,3.0,none,1.05,1.3,0.581219006497948,0.6154776299879081,0.9266170662930928,False
baseline_no_market,120,0.04,15,3.0,none,1.05,1.5,0.581219006497948,0.6154776299879081,0.9319327111833222,False
baseline_no_market,120,0.04,15,3.0,none,1.1,0.85,0.5886895092339262,0.6154776299879081,0.9405870768114887,False
baseline_no_market,120,0.04,15,3.0,none,1.1,1.0,0.5886895092339262,0.6154776299879081,0.9291517268702446,False
baseline_no_market,120,0.04,15,3.0,none,1.1,1.15,0.5886895092339262,0.6154776299879081,0.9262279333536951,False
baseline_no_market,120,0.04,15,3.0,none,1.1,1.3,0.5886895092339262,0.6154776299879081,0.9277604283864305,False
baseline_no_market,120,0.04,15,3.0,none,1.1,1.5,0.5886895092339262,0.6154776299879081,0.9332253539533959,False
baseline_no_market,120,0.04,15,3.0,none,1.15,0.85,0.5801930147058824,0.6118500604594922,0.9409348032562969,False
baseline_no_market,120,0.04,15,3.0,none,1.15,1.0,0.5801930147058824,0.6118500604594922,0.9300216532098076,False
baseline_no_market,120,0.04,15,3.0,none,1.15,1.15,0.5801930147058824,0.6118500604594922,0.9273837377214744,False
baseline_no_market,120,0.04,15,3.0,none,1.15,1.3,0.5801930147058824,0.6118500604594922,0.929071117774118,False
baseline_no_market,120,0.04,15,3.0,none,1.15,1.5,0.5801930147058824,0.6118500604594922,0.9346297067120595,False
baseline_no_market,120,0.04,15,3.0,none,1.2,0.85,0.5686452633378933,0.6106408706166868,0.9416897308545217,False
baseline_no_market,120,0.04,15,3.0,none,1.2,1.0,0.5686452633378933,0.6106408706166868,0.9311750218559798,False
baseline_no_market,120,0.04,15,3.0,none,1.2,1.15,0.5686452633378933,0.6106408706166868,0.9287419226320064,False
baseline_no_market,120,0.04,15,3.0,none,1.2,1.3,0.5686452633378933,0.6106408706166868,0.930528703601445,False
baseline_no_market,120,0.04,15,3.0,none,1.2,1.5,0.5686452633378933,0.6106408706166868,0.9361311286747226,False
baseline_no_market,80,0.03,15,5.0,0:1;1:1.05;2:1,0.85,0.85,0.5925957592339262,0.6160822249093107,0.9281755035019241,False
baseline_no_market,80,0.03,15,5.0,0:1;1:1.05;2:1,0.85,1.0,0.5925957592339262,0.6160822249093107,0.9223054415737798,False
baseline_no_market,80,0.03,15,5.0,0:1;1:1.05;2:1,0.85,1.15,0.5925957592339262,0.6160822249093107,0.9236494387269543,False
baseline_no_market,80,0.03,15,5.0,0:1;1:1.05;2:1,0.85,1.3,0.5925957592339262,0.6160822249093107,0.9283882523421014,False
baseline_no_market,80,0.03,15,5.0,0:1;1:1.05;2:1,0.85,1.5,0.5925957592339262,0.6160822249093107,0.9368825656521667,False
baseline_no_market,80,0.03,15,5.0,0:1;1:1.05;2:1,0.95,0.85,0.592937756497948,0.6172914147521161,0.9255309134575239,False
baseline_no_market,80,0.03,15,5.0,0:1;1:1.05;2:1,0.95,1.0,0.592937756497948,0.6172914147521161,0.9219578319683712,False
baseline_no_market,80,0.03,15,5.0,0:1;1:1.05;2:1,0.95,1.15,0.592937756497948,0.6172914147521161,0.9246572745355641,False
baseline_no_market,80,0.03,15,5.0,0:1;1:1.05;2:1,0.95,1.3,0.592937756497948,0.6172914147521161,0.930214386503724,False
baseline_no_market,80,0.03,15,5.0,0:1;1:1.05;2:1,0.95,1.5,0.592937756497948,0.6172914147521161,0.939323354511532,False
baseline_no_market,80,0.03,15,5.0,0:1;1:1.05;2:1,1.0,0.85,0.588860507865937,0.6160822249093107,0.9252165809635216,False
baseline_no_market,80,0.03,15,5.0,0:1;1:1.05;2:1,1.0,1.0,0.588860507865937,0.6160822249093107,0.9224956377763427,False
baseline_no_market,80,0.03,15,5.0,0:1;1:1.05;2:1,1.0,1.15,0.588860507865937,0.6160822249093107,0.9256753212891242,False
baseline_no_market,80,0.03,15,5.0,0:1;1:1.05;2:1,1.0,1.3,0.588860507865937,0.6160822249093107,0.9315049631574671,False
baseline_no_market,80,0.03,15,5.0,0:1;1:1.05;2:1,1.0,1.5,0.588860507865937,0.6160822249093107,0.9407976457984273,False
baseline_no_market,80,0.03,15,5.0,0:1;1:1.05;2:1,1.05,0.85,0.5808770092339262,0.6142684401451027,0.9254705119519864,False
baseline_no_market,80,0.03,15,5.0,0:1;1:1.05;2:1,1.05,1.0,0.5808770092339262,0.6142684401451027,0.9234304029443953,False
baseline_no_market,80,0.03,15,5.0,0:1;1:1.05;2:1,1.05,1.15,0.5808770092339262,0.6142684401451027,0.9269772912344545,False
baseline_no_market,80,0.03,15,5.0,0:1;1:1.05;2:1,1.05,1.3,0.5808770092339262,0.6142684401451027,0.9330018684680714,False
baseline_no_market,80,0.03,15,5.0,0:1;1:1.05;2:1,1.05,1.5,0.5808770092339262,0.6142684401451027,0.9424085712994812,False
baseline_no_market,80,0.03,15,5.0,0:1;1:1.05;2:1,1.1,0.85,0.5886895092339262,0.6154776299879081,0.9262287494206461,False
baseline_no_market,80,0.03,15,5.0,0:1;1:1.05;2:1,1.1,1.0,0.5886895092339262,0.6154776299879081,0.9247147853193511,False
baseline_no_market,80,0.03,15,5.0,0:1;1:1.05;2:1,1.1,1.15,0.5886895092339262,0.6154776299879081,0.9285274820435061,False
baseline_no_market,80,0.03,15,5.0,0:1;1:1.05;2:1,1.1,1.3,0.5886895092339262,0.6154776299879081,0.9346777587090649,False
baseline_no_market,80,0.03,15,5.0,0:1;1:1.05;2:1,1.1,1.5,0.5886895092339262,0.6154776299879081,0.9441366098583474,False
baseline_no_market,80,0.03,15,5.0,0:1;1:1.05;2:1,1.15,0.85,0.5819030010259918,0.6178960096735188,0.9274360549389434,False
baseline_no_market,80,0.03,15,5.0,0:1;1:1.05;2:1,1.15,1.0,0.5819030010259918,0.6178960096735188,0.9263081682027952,False
baseline_no_market,80,0.03,15,5.0,0:1;1:1.05;2:1,1.15,1.15,0.5819030010259918,0.6178960096735188,0.9302954306975981,False
baseline_no_market,80,0.03,15,5.0,0:1;1:1.05;2:1,1.15,1.3,0.5819030010259918,0.6178960096735188,0.9365094160914148,False
baseline_no_market,80,0.03,15,5.0,0:1;1:1.05;2:1,1.15,1.5,0.5819030010259918,0.6178960096735188,0.9459652872230823,False
baseline_no_market,80,0.03,15,5.0,0:1;1:1.05;2:1,1.2,0.85,0.585125256497948,0.6160822249093107,0.9290444366991784,False
baseline_no_market,80,0.03,15,5.0,0:1;1:1.05;2:1,1.2,1.0,0.585125256497948,0.6160822249093107,0.9281754922627952,False
baseline_no_market,80,0.03,15,5.0,0:1;1:1.05;2:1,1.2,1.15,0.585125256497948,0.6160822249093107,0.932254983023063,False
baseline_no_market,80,0.03,15,5.0,0:1;1:1.05;2:1,1.2,1.3,0.585125256497948,0.6160822249093107,0.9384770022835032,False
baseline_no_market,80,0.03,15,5.0,0:1;1:1.05;2:1,1.2,1.5,0.585125256497948,0.6160822249093107,0.947880612793162,False
context_no_market,80,0.04,7,1.0,none,0.85,0.85,0.5856382523939808,0.6178960096735188,0.9306545028019441,False
context_no_market,80,0.04,7,1.0,none,0.85,1.0,0.5856382523939808,0.6178960096735188,0.9234443957635666,False
context_no_market,80,0.04,7,1.0,none,0.85,1.15,0.5856382523939808,0.6178960096735188,0.9238753374852373,False
context_no_market,80,0.04,7,1.0,none,0.85,1.3,0.5856382523939808,0.6178960096735188,0.9279842243641676,False
context_no_market,80,0.04,7,1.0,none,0.85,1.5,0.5856382523939808,0.6178960096735188,0.9359258378330583,False
context_no_market,80,0.04,7,1.0,none,0.95,0.85,0.585296255129959,0.6166868198307134,0.927469652673312,False
context_no_market,80,0.04,7,1.0,none,0.95,1.0,0.585296255129959,0.6166868198307134,0.922676918511679,False
context_no_market,80,0.04,7,1.0,none,0.95,1.15,0.585296255129959,0.6166868198307134,0.9245494857259707,False
context_no_market,80,0.04,7,1.0,none,0.95,1.3,0.585296255129959,0.6166868198307134,0.9295401791868778,False
context_no_market,80,0.04,7,1.0,none,0.95,1.5,0.585296255129959,0.6166868198307134,0.9381576784908165,False
context_no_market,80,0.04,7,1.0,none,1.0,0.85,0.5856382523939808,0.6178960096735188,0.9268957338043312,False
context_no_market,80,0.04,7,1.0,none,1.0,1.0,0.5856382523939808,0.6178960096735188,0.9230140179960724,False
context_no_market,80,0.04,7,1.0,none,1.0,1.15,0.5856382523939808,0.6178960096735188,0.9254087340963579,False
context_no_market,80,0.04,7,1.0,none,1.0,1.3,0.5856382523939808,0.6178960096735188,0.9307026593433123,False
context_no_market,80,0.04,7,1.0,none,1.0,1.5,0.5856382523939808,0.6178960096735188,0.9395332987177603,False
context_no_market,80,0.04,7,1.0,none,1.05,0.85,0.589202505129959,0.6172914147521161,0.9268967357450717,False
context_no_market,80,0.04,7,1.0,none,1.05,1.0,0.589202505129959,0.6172914147521161,0.9237537938394602,False
context_no_market,80,0.04,7,1.0,none,1.05,1.15,0.589202505129959,0.6172914147521161,0.9265568254886276,False
context_no_market,80,0.04,7,1.0,none,1.05,1.3,0.589202505129959,0.6172914147521161,0.9320757047839279,False
context_no_market,80,0.04,7,1.0,none,1.05,1.5,0.589202505129959,0.6172914147521161,0.9410490379670177,False
context_no_market,80,0.04,7,1.0,none,1.1,0.85,0.585296255129959,0.6166868198307134,0.9274084361637628,False
context_no_market,80,0.04,7,1.0,none,1.1,1.0,0.585296255129959,0.6166868198307134,0.9248486098851686,False
context_no_market,80,0.04,7,1.0,none,1.1,1.15,0.585296255129959,0.6166868198307134,0.92795776457459,False
context_no_market,80,0.04,7,1.0,none,1.1,1.3,0.585296255129959,0.6166868198307134,0.93363169474059,False
context_no_market,80,0.04,7,1.0,none,1.1,1.5,0.585296255129959,0.6166868198307134,0.9426851280068383,False
context_no_market,80,0.04,7,1.0,none,1.15,0.85,0.5767997606019152,0.6130592503022975,0.9283753426799243,False
context_no_market,80,0.04,7,1.0,none,1.15,1.0,0.5767997606019152,0.6130592503022975,0.9262575778314238,False
context_no_market,80,0.04,7,1.0,none,1.15,1.15,0.5767997606019152,0.6130592503022975,0.9295808222013334,False
context_no_market,80,0.04,7,1.0,none,1.15,1.3,0.5767997606019152,0.6130592503022975,0.9353471622859992,False
context_no_market,80,0.04,7,1.0,none,1.15,1.5,0.5767997606019152,0.6130592503022975,0.9444248742499806,False
context_no_market,80,0.04,7,1.0,none,1.2,0.85,0.573406506497948,0.6142684401451027,0.9297492209983594,False
context_no_market,80,0.04,7,1.0,none,1.2,1.0,0.573406506497948,0.6142684401451027,0.9279453868781475,False
context_no_market,80,0.04,7,1.0,none,1.2,1.15,0.573406506497948,0.6142684401451027,0.9313996015661012,False
context_no_market,80,0.04,7,1.0,none,1.2,1.3,0.573406506497948,0.6142684401451027,0.9372020440534429,False
context_no_market,80,0.04,7,1.0,none,1.2,1.5,0.573406506497948,0.6142684401451027,0.9462540886357034,False
context_no_market,120,0.03,7,1.0,none,0.85,0.85,0.5825869955540356,0.6203143893591294,0.9322500713829193,False
context_no_market,120,0.03,7,1.0,none,0.85,1.0,0.5825869955540356,0.6203143893591294,0.9238238325795477,False
context_no_market,120,0.03,7,1.0,none,0.85,1.15,0.5825869955540356,0.6203143893591294,0.9234247209903418,False
context_no_market,120,0.03,7,1.0,none,0.85,1.3,0.5825869955540356,0.6203143893591294,0.9269677235699996,False
context_no_market,120,0.03,7,1.0,none,0.85,1.5,0.5825869955540356,0.6203143893591294,0.9344266798144449,False
context_no_market,120,0.03,7,1.0,none,0.95,0.85,0.5863222469220246,0.6203143893591294,0.9291077118245655,False
context_no_market,120,0.03,7,1.0,none,0.95,1.0,0.5863222469220246,0.6203143893591294,0.9230739535014387,False
context_no_market,120,0.03,7,1.0,none,0.95,1.15,0.5863222469220246,0.6203143893591294,0.9241047574480978,False
context_no_market,120,0.03,7,1.0,none,0.95,1.3,0.5863222469220246,0.6203143893591294,0.9285242155921588,False
context_no_market,120,0.03,7,1.0,none,0.95,1.5,0.5863222469220246,0.6203143893591294,0.9366564376736797,False
context_no_market,120,0.03,7,1.0,none,1.0,0.85,0.5863222469220246,0.6203143893591294,0.9285509955932305,False
context_no_market,120,0.03,7,1.0,none,1.0,1.0,0.5863222469220246,0.6203143893591294,0.9234173378430857,False
context_no_market,120,0.03,7,1.0,none,1.0,1.15,0.5863222469220246,0.6203143893591294,0.9249653753714723,False
context_no_market,120,0.03,7,1.0,none,1.0,1.3,0.5863222469220246,0.6203143893591294,0.9296859629215768,False
context_no_market,120,0.03,7,1.0,none,1.0,1.5,0.5863222469220246,0.6203143893591294,0.938030450756945,False
context_no_market,120,0.03,7,1.0,none,1.05,0.85,0.5822449982900137,0.619105199516324,0.928566688800124,False
context_no_market,120,0.03,7,1.0,none,1.05,1.0,0.5822449982900137,0.619105199516324,0.9241618753796251,False
context_no_market,120,0.03,7,1.0,none,1.05,1.15,0.5822449982900137,0.619105199516324,0.9261138999125672,False
context_no_market,120,0.03,7,1.0,none,1.05,1.3,0.5822449982900137,0.619105199516324,0.9310576889354147,False
context_no_market,120,0.03,7,1.0,none,1.05,1.5,0.5822449982900137,0.619105199516324,0.939544257198345,False
context_no_market,120,0.03,7,1.0,none,1.1,0.85,0.5783387482900137,0.6185006045949214,0.9290907009546266,False
context_no_market,120,0.03,7,1.0,none,1.1,1.0,0.5783387482900137,0.6185006045949214,0.9252600335331549,False
context_no_market,120,0.03,7,1.0,none,1.1,1.15,0.5783387482900137,0.6185006045949214,0.9275144102177513,False
context_no_market,120,0.03,7,1.0,none,1.1,1.3,0.5783387482900137,0.6185006045949214,0.9326118251108064,False
context_no_market,120,0.03,7,1.0,none,1.1,1.5,0.5783387482900137,0.6185006045949214,0.9411781213800994,False
context_no_market,120,0.03,7,1.0,none,1.15,0.85,0.5819030010259918,0.6178960096735188,0.9300676663153717,False
context_no_market,120,0.03,7,1.0,none,1.15,1.0,0.5819030010259918,0.6178960096735188,0.9266710196394511,False
context_no_market,120,0.03,7,1.0,none,1.15,1.15,0.5819030010259918,0.6178960096735188,0.9291362444766903,False
context_no_market,120,0.03,7,1.0,none,1.15,1.3,0.5819030010259918,0.6178960096735188,0.9343249511156808,False
context_no_market,120,0.03,7,1.0,none,1.15,1.5,0.5819030010259918,0.6178960096735188,0.942915377420745,False
context_no_market,120,0.03,7,1.0,none,1.2,0.85,0.5767997606019152,0.6130592503022975,0.931449471845136,False
context_no_market,120,0.03,7,1.0,none,1.2,1.0,0.5767997606019152,0.6130592503022975,0.9283596113151429,False
context_no_market,120,0.03,7,1.0,none,1.2,1.15,0.5767997606019152,0.6130592503022975,0.9309530669612024,False
context_no_market,120,0.03,7,1.0,none,1.2,1.3,0.5767997606019152,0.6130592503022975,0.936177045301182,False
context_no_market,120,0.03,7,1.0,none,1.2,1.5,0.5767997606019152,0.6130592503022975,0.9447418626421196,False
context_no_market,120,0.04,15,3.0,none,0.85,0.85,0.5762867647058824,0.6112454655380894,0.962329170811089,False
context_no_market,120,0.04,15,3.0,none,0.85,1.0,0.5762867647058824,0.6112454655380894,0.9416772886387199,False
context_no_market,120,0.04,15,3.0,none,0.85,1.15,0.5762867647058824,0.6112454655380894,0.9329695104728093,False
context_no_market,120,0.04,15,3.0,none,0.85,1.3,0.5762867647058824,0.6112454655380894,0.9307326864816735,False
context_no_market,120,0.04,15,3.0,none,0.85,1.5,0.5762867647058824,0.6112454655380894,0.9330232436981849,False
context_no_market,120,0.04,15,3.0,none,0.95,0.85,0.5725515133378933,0.6112454655380894,0.9569721515972254,False
context_no_market,120,0.04,15,3.0,none,0.95,1.0,0.5725515133378933,0.6112454655380894,0.9390339161625136,False
context_no_market,120,0.04,15,3.0,none,0.95,1.15,0.5725515133378933,0.6112454655380894,0.9320299706195034,False
context_no_market,120,0.04,15,3.0,none,0.95,1.3,0.5725515133378933,0.6112454655380894,0.9308985560211058,False
context_no_market,120,0.04,15,3.0,none,0.95,1.5,0.5725515133378933,0.6112454655380894,0.9341085576812697,False
context_no_market,120,0.04,15,3.0,none,1.0,0.85,0.5725515133378933,0.6112454655380894,0.9553129049353966,False
context_no_market,120,0.04,15,3.0,none,1.0,1.0,0.5725515133378933,0.6112454655380894,0.938448745936256,False
context_no_market,120,0.04,15,3.0,none,1.0,1.15,0.5725515133378933,0.6112454655380894,0.9321045514262613,False
context_no_market,120,0.04,15,3.0,none,1.0,1.3,0.5725515133378933,0.6112454655380894,0.9313904944492938,False
context_no_market,120,0.04,15,3.0,none,1.0,1.5,0.5725515133378933,0.6112454655380894,0.9349354303004801,False
context_no_market,120,0.04,15,3.0,none,1.05,0.85,0.5727225119699042,0.6118500604594922,0.9542304715298663,False
context_no_market,120,0.04,15,3.0,none,1.05,1.0,0.5727225119699042,0.6118500604594922,0.9382767064265047,False
context_no_market,120,0.04,15,3.0,none,1.05,1.15,0.5727225119699042,0.6118500604594922,0.932481981085687,False
context_no_market,120,0.04,15,3.0,none,1.05,1.3,0.5727225119699042,0.6118500604594922,0.9321081367803535,False
context_no_market,120,0.04,15,3.0,none,1.05,1.5,0.5727225119699042,0.6118500604594922,0.9359173335456272,False
context_no_market,120,0.04,15,3.0,none,1.1,0.85,0.5688162619699042,0.6112454655380894,0.953661522765304,False
context_no_market,120,0.04,15,3.0,none,1.1,1.0,0.5688162619699042,0.6112454655380894,0.9384701319309592,False
context_no_market,120,0.04,15,3.0,none,1.1,1.15,0.5688162619699042,0.6112454655380894,0.9331257333371783,False
context_no_market,120,0.04,15,3.0,none,1.1,1.3,0.5688162619699042,0.6112454655380894,0.9330230720395044,False
context_no_market,120,0.04,15,3.0,none,1.1,1.5,0.5688162619699042,0.6112454655380894,0.9370335687134972,False
context_no_market,120,0.04,15,3.0,none,1.15,0.85,0.5677902701778386,0.6076178960096735,0.9535513571184204,False
context_no_market,120,0.04,15,3.0,none,1.15,1.0,0.5677902701778386,0.6076178960096735,0.9389880841873633,False
context_no_market,120,0.04,15,3.0,none,1.15,1.15,0.5677902701778386,0.6076178960096735,0.9340045844029619,False
context_no_market,120,0.04,15,3.0,none,1.15,1.3,0.5677902701778386,0.6076178960096735,0.9341111141537103,False
context_no_market,120,0.04,15,3.0,none,1.15,1.5,0.5677902701778386,0.6076178960096735,0.9382666054052922,False
context_no_market,120,0.04,15,3.0,none,1.2,0.85,0.5638840201778386,0.6070133010882709,0.9538524391002929,False
context_no_market,120,0.04,15,3.0,none,1.2,1.0,0.5638840201778386,0.6070133010882709,0.9397951852571933,False
context_no_market,120,0.04,15,3.0,none,1.2,1.15,0.5638840201778386,0.6070133010882709,0.9350916751217679,False
context_no_market,120,0.04,15,3.0,none,1.2,1.3,0.5638840201778386,0.6070133010882709,0.9353515424314298,False
context_no_market,120,0.04,15,3.0,none,1.2,1.5,0.5638840201778386,0.6070133010882709,0.9396015011358875,False
context_no_market,80,0.03,15,5.0,0:1;1:1.05;2:1,0.85,0.85,0.5975280010259918,0.6203143893591294,0.9265127436532022,False
context_no_market,80,0.03,15,5.0,0:1;1:1.05;2:1,0.85,1.0,0.5975280010259918,0.6203143893591294,0.9208781406536127,False
context_no_market,80,0.03,15,5.0,0:1;1:1.05;2:1,0.85,1.15,0.5975280010259918,0.6203143893591294,0.9224029835781025,False
context_no_market,80,0.03,15,5.0,0:1;1:1.05;2:1,0.85,1.3,0.5975280010259918,0.6203143893591294,0.9272836158133093,False
context_no_market,80,0.03,15,5.0,0:1;1:1.05;2:1,0.85,1.5,0.5975280010259918,0.6203143893591294,0.9359244879483996,False
context_no_market,80,0.03,15,5.0,0:1;1:1.05;2:1,0.95,0.85,0.5971860037619698,0.619105199516324,0.9236491348349549,False
context_no_market,80,0.03,15,5.0,0:1;1:1.05;2:1,0.95,1.0,0.5971860037619698,0.619105199516324,0.9203628905455111,False
context_no_market,80,0.03,15,5.0,0:1;1:1.05;2:1,0.95,1.15,0.5971860037619698,0.619105199516324,0.9232787029267516,False
context_no_market,80,0.03,15,5.0,0:1;1:1.05;2:1,0.95,1.3,0.5971860037619698,0.619105199516324,0.9290031249953405,False
context_no_market,80,0.03,15,5.0,0:1;1:1.05;2:1,0.95,1.5,0.5971860037619698,0.619105199516324,0.9382827210849001,False
context_no_market,80,0.03,15,5.0,0:1;1:1.05;2:1,1.0,0.85,0.5936217510259918,0.6197097944377267,0.9232289255305897,False
context_no_market,80,0.03,15,5.0,0:1;1:1.05;2:1,1.0,1.0,0.5936217510259918,0.6197097944377267,0.9208203865374146,False
context_no_market,80,0.03,15,5.0,0:1;1:1.05;2:1,1.0,1.15,0.5936217510259918,0.6197097944377267,0.924233854970619,False
context_no_market,80,0.03,15,5.0,0:1;1:1.05;2:1,1.0,1.3,0.5936217510259918,0.6197097944377267,0.9302431749020239,False
context_no_market,80,0.03,15,5.0,0:1;1:1.05;2:1,1.0,1.5,0.5936217510259918,0.6197097944377267,0.9397180654870229,False
context_no_market,80,0.03,15,5.0,0:1;1:1.05;2:1,1.05,0.85,0.588860507865937,0.6160822249093107,0.9233793613258919,False
context_no_market,80,0.03,15,5.0,0:1;1:1.05;2:1,1.05,1.0,0.588860507865937,0.6160822249093107,0.9216770514038,False
context_no_market,80,0.03,15,5.0,0:1;1:1.05;2:1,1.05,1.15,0.588860507865937,0.6160822249093107,0.9254748795292159,False
context_no_market,80,0.03,15,5.0,0:1;1:1.05;2:1,1.05,1.3,0.588860507865937,0.6160822249093107,0.9316912477974775,False
context_no_market,80,0.03,15,5.0,0:1;1:1.05;2:1,1.05,1.5,0.588860507865937,0.6160822249093107,0.9412914462228192,False
context_no_market,80,0.03,15,5.0,0:1;1:1.05;2:1,1.1,0.85,0.592937756497948,0.6172914147521161,0.9240364480306141,False
context_no_market,80,0.03,15,5.0,0:1;1:1.05;2:1,1.1,1.0,0.592937756497948,0.6172914147521161,0.922885451783104,False
context_no_market,80,0.03,15,5.0,0:1;1:1.05;2:1,1.1,1.15,0.592937756497948,0.6172914147521161,0.926965967642273,False
context_no_market,80,0.03,15,5.0,0:1;1:1.05;2:1,1.1,1.3,0.592937756497948,0.6172914147521161,0.9333198933504583,False
context_no_market,80,0.03,15,5.0,0:1;1:1.05;2:1,1.1,1.5,0.592937756497948,0.6172914147521161,0.9429832441529027,False
context_no_market,80,0.03,15,5.0,0:1;1:1.05;2:1,1.15,0.85,0.5861512482900137,0.6197097944377267,0.9251449058771364,False
context_no_market,80,0.03,15,5.0,0:1;1:1.05;2:1,1.15,1.0,0.5861512482900137,0.6197097944377267,0.9244048848032881,False
context_no_market,80,0.03,15,5.0,0:1;1:1.05;2:1,1.15,1.15,0.5861512482900137,0.6197097944377267,0.9286765586130108,False
context_no_market,80,0.03,15,5.0,0:1;1:1.05;2:1,1.15,1.3,0.5861512482900137,0.6197097944377267,0.935105797509605,False
context_no_market,80,0.03,15,5.0,0:1;1:1.05;2:1,1.15,1.5,0.5861512482900137,0.6197097944377267,0.9447768974877826,False
context_no_market,80,0.03,15,5.0,0:1;1:1.05;2:1,1.2,0.85,0.5902284969220246,0.620918984280532,0.9266566985785888,False
context_no_market,80,0.03,15,5.0,0:1;1:1.05;2:1,1.2,1.0,0.5902284969220246,0.620918984280532,0.9262002096450784,False
context_no_market,80,0.03,15,5.0,0:1;1:1.05;2:1,1.2,1.15,0.5902284969220246,0.620918984280532,0.9305804084910477,False
context_no_market,80,0.03,15,5.0,0:1;1:1.05;2:1,1.2,1.3,0.5902284969220246,0.620918984280532,0.9370290346506382,False
context_no_market,80,0.03,15,5.0,0:1;1:1.05;2:1,1.2,1.5,0.5902284969220246,0.620918984280532,0.9466583370416087,False
effective_market_derived,80,0.04,7,1.0,none,0.85,0.85,0.5856382523939808,0.6178960096735188,0.9306545028019441,False
effective_market_derived,80,0.04,7,1.0,none,0.85,1.0,0.5856382523939808,0.6178960096735188,0.9234443957635666,False
effective_market_derived,80,0.04,7,1.0,none,0.85,1.15,0.5856382523939808,0.6178960096735188,0.9238753374852373,False
effective_market_derived,80,0.04,7,1.0,none,0.85,1.3,0.5856382523939808,0.6178960096735188,0.9279842243641676,False
effective_market_derived,80,0.04,7,1.0,none,0.85,1.5,0.5856382523939808,0.6178960096735188,0.9359258378330583,False
effective_market_derived,80,0.04,7,1.0,none,0.95,0.85,0.585296255129959,0.6166868198307134,0.927469652673312,False
effective_market_derived,80,0.04,7,1.0,none,0.95,1.0,0.585296255129959,0.6166868198307134,0.922676918511679,False
effective_market_derived,80,0.04,7,1.0,none,0.95,1.15,0.585296255129959,0.6166868198307134,0.9245494857259707,False
effective_market_derived,80,0.04,7,1.0,none,0.95,1.3,0.585296255129959,0.6166868198307134,0.9295401791868778,False
effective_market_derived,80,0.04,7,1.0,none,0.95,1.5,0.585296255129959,0.6166868198307134,0.9381576784908165,False
effective_market_derived,80,0.04,7,1.0,none,1.0,0.85,0.5856382523939808,0.6178960096735188,0.9268957338043312,False
effective_market_derived,80,0.04,7,1.0,none,1.0,1.0,0.5856382523939808,0.6178960096735188,0.9230140179960724,False
effective_market_derived,80,0.04,7,1.0,none,1.0,1.15,0.5856382523939808,0.6178960096735188,0.9254087340963579,False
effective_market_derived,80,0.04,7,1.0,none,1.0,1.3,0.5856382523939808,0.6178960096735188,0.9307026593433123,False
effective_market_derived,80,0.04,7,1.0,none,1.0,1.5,0.5856382523939808,0.6178960096735188,0.9395332987177603,False
effective_market_derived,80,0.04,7,1.0,none,1.05,0.85,0.589202505129959,0.6172914147521161,0.9268967357450717,False
effective_market_derived,80,0.04,7,1.0,none,1.05,1.0,0.589202505129959,0.6172914147521161,0.9237537938394602,False
effective_market_derived,80,0.04,7,1.0,none,1.05,1.15,0.589202505129959,0.6172914147521161,0.9265568254886276,False
effective_market_derived,80,0.04,7,1.0,none,1.05,1.3,0.589202505129959,0.6172914147521161,0.9320757047839279,False
effective_market_derived,80,0.04,7,1.0,none,1.05,1.5,0.589202505129959,0.6172914147521161,0.9410490379670177,False
effective_market_derived,80,0.04,7,1.0,none,1.1,0.85,0.585296255129959,0.6166868198307134,0.9274084361637628,False
effective_market_derived,80,0.04,7,1.0,none,1.1,1.0,0.585296255129959,0.6166868198307134,0.9248486098851686,False
effective_market_derived,80,0.04,7,1.0,none,1.1,1.15,0.585296255129959,0.6166868198307134,0.92795776457459,False
effective_market_derived,80,0.04,7,1.0,none,1.1,1.3,0.585296255129959,0.6166868198307134,0.93363169474059,False
effective_market_derived,80,0.04,7,1.0,none,1.1,1.5,0.585296255129959,0.6166868198307134,0.9426851280068383,False
effective_market_derived,80,0.04,7,1.0,none,1.15,0.85,0.5767997606019152,0.6130592503022975,0.9283753426799243,False
effective_market_derived,80,0.04,7,1.0,none,1.15,1.0,0.5767997606019152,0.6130592503022975,0.9262575778314238,False
effective_market_derived,80,0.04,7,1.0,none,1.15,1.15,0.5767997606019152,0.6130592503022975,0.9295808222013334,False
effective_market_derived,80,0.04,7,1.0,none,1.15,1.3,0.5767997606019152,0.6130592503022975,0.9353471622859992,False
effective_market_derived,80,0.04,7,1.0,none,1.15,1.5,0.5767997606019152,0.6130592503022975,0.9444248742499806,False
effective_market_derived,80,0.04,7,1.0,none,1.2,0.85,0.573406506497948,0.6142684401451027,0.9297492209983594,False
effective_market_derived,80,0.04,7,1.0,none,1.2,1.0,0.573406506497948,0.6142684401451027,0.9279453868781475,False
effective_market_derived,80,0.04,7,1.0,none,1.2,1.15,0.573406506497948,0.6142684401451027,0.9313996015661012,False
effective_market_derived,80,0.04,7,1.0,none,1.2,1.3,0.573406506497948,0.6142684401451027,0.9372020440534429,False
effective_market_derived,80,0.04,7,1.0,none,1.2,1.5,0.573406506497948,0.6142684401451027,0.9462540886357034,False
effective_market_derived,120,0.03,7,1.0,none,0.85,0.85,0.5825869955540356,0.6203143893591294,0.9322500713829193,False
effective_market_derived,120,0.03,7,1.0,none,0.85,1.0,0.5825869955540356,0.6203143893591294,0.9238238325795477,False
effective_market_derived,120,0.03,7,1.0,none,0.85,1.15,0.5825869955540356,0.6203143893591294,0.9234247209903418,False
effective_market_derived,120,0.03,7,1.0,none,0.85,1.3,0.5825869955540356,0.6203143893591294,0.9269677235699996,False
effective_market_derived,120,0.03,7,1.0,none,0.85,1.5,0.5825869955540356,0.6203143893591294,0.9344266798144449,False
effective_market_derived,120,0.03,7,1.0,none,0.95,0.85,0.5863222469220246,0.6203143893591294,0.9291077118245655,False
effective_market_derived,120,0.03,7,1.0,none,0.95,1.0,0.5863222469220246,0.6203143893591294,0.9230739535014387,False
effective_market_derived,120,0.03,7,1.0,none,0.95,1.15,0.5863222469220246,0.6203143893591294,0.9241047574480978,False
effective_market_derived,120,0.03,7,1.0,none,0.95,1.3,0.5863222469220246,0.6203143893591294,0.9285242155921588,False
effective_market_derived,120,0.03,7,1.0,none,0.95,1.5,0.5863222469220246,0.6203143893591294,0.9366564376736797,False
effective_market_derived,120,0.03,7,1.0,none,1.0,0.85,0.5863222469220246,0.6203143893591294,0.9285509955932305,False
effective_market_derived,120,0.03,7,1.0,none,1.0,1.0,0.5863222469220246,0.6203143893591294,0.9234173378430857,False
effective_market_derived,120,0.03,7,1.0,none,1.0,1.15,0.5863222469220246,0.6203143893591294,0.9249653753714723,False
effective_market_derived,120,0.03,7,1.0,none,1.0,1.3,0.5863222469220246,0.6203143893591294,0.9296859629215768,False
effective_market_derived,120,0.03,7,1.0,none,1.0,1.5,0.5863222469220246,0.6203143893591294,0.938030450756945,False
effective_market_derived,120,0.03,7,1.0,none,1.05,0.85,0.5822449982900137,0.619105199516324,0.928566688800124,False
effective_market_derived,120,0.03,7,1.0,none,1.05,1.0,0.5822449982900137,0.619105199516324,0.9241618753796251,False
effective_market_derived,120,0.03,7,1.0,none,1.05,1.15,0.5822449982900137,0.619105199516324,0.9261138999125672,False
effective_market_derived,120,0.03,7,1.0,none,1.05,1.3,0.5822449982900137,0.619105199516324,0.9310576889354147,False
effective_market_derived,120,0.03,7,1.0,none,1.05,1.5,0.5822449982900137,0.619105199516324,0.939544257198345,False
effective_market_derived,120,0.03,7,1.0,none,1.1,0.85,0.5783387482900137,0.6185006045949214,0.9290907009546266,False
effective_market_derived,120,0.03,7,1.0,none,1.1,1.0,0.5783387482900137,0.6185006045949214,0.9252600335331549,False
effective_market_derived,120,0.03,7,1.0,none,1.1,1.15,0.5783387482900137,0.6185006045949214,0.9275144102177513,False
effective_market_derived,120,0.03,7,1.0,none,1.1,1.3,0.5783387482900137,0.6185006045949214,0.9326118251108064,False
effective_market_derived,120,0.03,7,1.0,none,1.1,1.5,0.5783387482900137,0.6185006045949214,0.9411781213800994,False
effective_market_derived,120,0.03,7,1.0,none,1.15,0.85,0.5819030010259918,0.6178960096735188,0.9300676663153717,False
effective_market_derived,120,0.03,7,1.0,none,1.15,1.0,0.5819030010259918,0.6178960096735188,0.9266710196394511,False
effective_market_derived,120,0.03,7,1.0,none,1.15,1.15,0.5819030010259918,0.6178960096735188,0.9291362444766903,False
effective_market_derived,120,0.03,7,1.0,none,1.15,1.3,0.5819030010259918,0.6178960096735188,0.9343249511156808,False
effective_market_derived,120,0.03,7,1.0,none,1.15,1.5,0.5819030010259918,0.6178960096735188,0.942915377420745,False
effective_market_derived,120,0.03,7,1.0,none,1.2,0.85,0.5767997606019152,0.6130592503022975,0.931449471845136,False
effective_market_derived,120,0.03,7,1.0,none,1.2,1.0,0.5767997606019152,0.6130592503022975,0.9283596113151429,False
effective_market_derived,120,0.03,7,1.0,none,1.2,1.15,0.5767997606019152,0.6130592503022975,0.9309530669612024,False
effective_market_derived,120,0.03,7,1.0,none,1.2,1.3,0.5767997606019152,0.6130592503022975,0.936177045301182,False
effective_market_derived,120,0.03,7,1.0,none,1.2,1.5,0.5767997606019152,0.6130592503022975,0.9447418626421196,False
effective_market_derived,120,0.04,15,3.0,none,0.85,0.85,0.5762867647058824,0.6112454655380894,0.9622111961934376,False
effective_market_derived,120,0.04,15,3.0,none,0.85,1.0,0.5762867647058824,0.6112454655380894,0.9415635185188861,False
effective_market_derived,120,0.04,15,3.0,none,0.85,1.15,0.5762867647058824,0.6112454655380894,0.9328612944094984,False
effective_market_derived,120,0.04,15,3.0,none,0.85,1.3,0.5762867647058824,0.6112454655380894,0.9306305664089738,False
effective_market_derived,120,0.04,15,3.0,none,0.85,1.5,0.5762867647058824,0.6112454655380894,0.9329292680474505,False
effective_market_derived,120,0.04,15,3.0,none,0.95,0.85,0.573235507865937,0.6136638452237001,0.9568492656174745,False
effective_market_derived,120,0.04,15,3.0,none,0.95,1.0,0.573235507865937,0.6136638452237001,0.9389170824525616,False
effective_market_derived,120,0.04,15,3.0,none,0.95,1.15,0.573235507865937,0.6136638452237001,0.9319198473342982,False
effective_market_derived,120,0.04,15,3.0,none,0.95,1.3,0.573235507865937,0.6136638452237001,0.9307952716098923,False
effective_market_derived,120,0.04,15,3.0,none,0.95,1.5,0.573235507865937,0.6136638452237001,0.9340140251187099,False
effective_market_derived,120,0.04,15,3.0,none,1.0,0.85,0.573235507865937,0.6136638452237001,0.9551876953285834,False
effective_market_derived,120,0.04,15,3.0,none,1.0,1.0,0.573235507865937,0.6136638452237001,0.9383304768704341,False
effective_market_derived,120,0.04,15,3.0,none,1.0,1.15,0.573235507865937,0.6136638452237001,0.9319935426646361,False
effective_market_derived,120,0.04,15,3.0,none,1.0,1.3,0.573235507865937,0.6136638452237001,0.9312866747883866,False
effective_market_derived,120,0.04,15,3.0,none,1.0,1.5,0.573235507865937,0.6136638452237001,0.9348406464993518,False
effective_market_derived,120,0.04,15,3.0,none,1.05,0.85,0.5722095160738714,0.6100362756952842,0.9541030221437653,False
effective_market_derived,120,0.04,15,3.0,none,1.05,1.0,0.5722095160738714,0.6100362756952842,0.9381570615707999,False
effective_market_derived,120,0.04,15,3.0,none,1.05,1.15,0.5722095160738714,0.6100362756952842,0.9323701282139751,False
effective_market_derived,120,0.04,15,3.0,none,1.05,1.3,0.5722095160738714,0.6100362756952842,0.9320038100070686,False
effective_market_derived,120,0.04,15,3.0,none,1.05,1.5,0.5722095160738714,0.6100362756952842,0.9358223146132697,False
effective_market_derived,120,0.04,15,3.0,none,1.1,0.85,0.5683032660738714,0.6094316807738815,0.9535319143260174,False
effective_market_derived,120,0.04,15,3.0,none,1.1,1.0,0.5683032660738714,0.6094316807738815,0.9383491676226077,False
effective_market_derived,120,0.04,15,3.0,none,1.1,1.15,0.5683032660738714,0.6094316807738815,0.9330130750388007,False
effective_market_derived,120,0.04,15,3.0,none,1.1,1.3,0.5683032660738714,0.6094316807738815,0.9329182642499121,False
effective_market_derived,120,0.04,15,3.0,none,1.1,1.5,0.5683032660738714,0.6094316807738815,0.9369383294542031,False
effective_market_derived,120,0.04,15,3.0,none,1.15,0.85,0.5686452633378933,0.6106408706166868,0.9534196672777999,False
effective_market_derived,120,0.04,15,3.0,none,1.15,1.0,0.5686452633378933,0.6106408706166868,0.9388658537612518,False
effective_market_derived,120,0.04,15,3.0,none,1.15,1.15,0.5686452633378933,0.6106408706166868,0.9338911569226804,False
effective_market_derived,120,0.04,15,3.0,none,1.15,1.3,0.5686452633378933,0.6106408706166868,0.9340058496122661,False
effective_market_derived,120,0.04,15,3.0,none,1.15,1.5,0.5686452633378933,0.6106408706166868,0.9381711594673384,False
effective_market_derived,120,0.04,15,3.0,none,1.2,0.85,0.5642260174418605,0.6082224909310762,0.9537187425017154,False
effective_market_derived,120,0.04,15,3.0,none,1.2,1.0,0.5642260174418605,0.6082224909310762,0.9396717392527332,False
effective_market_derived,120,0.04,15,3.0,none,1.2,1.15,0.5642260174418605,0.6082224909310762,0.9349775124804638,False
effective_market_derived,120,0.04,15,3.0,none,1.2,1.3,0.5642260174418605,0.6082224909310762,0.9352458437522396,False
effective_market_derived,120,0.04,15,3.0,none,1.2,1.5,0.5642260174418605,0.6082224909310762,0.9395058611370294,False
effective_market_derived,80,0.03,15,5.0,0:1;1:1.05;2:1,0.85,0.85,0.5975280010259918,0.6203143893591294,0.9265127436532022,False
effective_market_derived,80,0.03,15,5.0,0:1;1:1.05;2:1,0.85,1.0,0.5975280010259918,0.6203143893591294,0.9208781406536127,False
effective_market_derived,80,0.03,15,5.0,0:1;1:1.05;2:1,0.85,1.15,0.5975280010259918,0.6203143893591294,0.9224029835781025,False
effective_market_derived,80,0.03,15,5.0,0:1;1:1.05;2:1,0.85,1.3,0.5975280010259918,0.6203143893591294,0.9272836158133093,False
effective_market_derived,80,0.03,15,5.0,0:1;1:1.05;2:1,0.85,1.5,0.5975280010259918,0.6203143893591294,0.9359244879483996,False
effective_market_derived,80,0.03,15,5.0,0:1;1:1.05;2:1,0.95,0.85,0.5971860037619698,0.619105199516324,0.9236491348349549,False
effective_market_derived,80,0.03,15,5.0,0:1;1:1.05;2:1,0.95,1.0,0.5971860037619698,0.619105199516324,0.9203628905455111,False
effective_market_derived,80,0.03,15,5.0,0:1;1:1.05;2:1,0.95,1.15,0.5971860037619698,0.619105199516324,0.9232787029267516,False
effective_market_derived,80,0.03,15,5.0,0:1;1:1.05;2:1,0.95,1.3,0.5971860037619698,0.619105199516324,0.9290031249953405,False
effective_market_derived,80,0.03,15,5.0,0:1;1:1.05;2:1,0.95,1.5,0.5971860037619698,0.619105199516324,0.9382827210849001,False
effective_market_derived,80,0.03,15,5.0,0:1;1:1.05;2:1,1.0,0.85,0.5936217510259918,0.6197097944377267,0.9232289255305897,False
effective_market_derived,80,0.03,15,5.0,0:1;1:1.05;2:1,1.0,1.0,0.5936217510259918,0.6197097944377267,0.9208203865374146,False
effective_market_derived,80,0.03,15,5.0,0:1;1:1.05;2:1,1.0,1.15,0.5936217510259918,0.6197097944377267,0.924233854970619,False
effective_market_derived,80,0.03,15,5.0,0:1;1:1.05;2:1,1.0,1.3,0.5936217510259918,0.6197097944377267,0.9302431749020239,False
effective_market_derived,80,0.03,15,5.0,0:1;1:1.05;2:1,1.0,1.5,0.5936217510259918,0.6197097944377267,0.9397180654870229,False
effective_market_derived,80,0.03,15,5.0,0:1;1:1.05;2:1,1.05,0.85,0.588860507865937,0.6160822249093107,0.9233793613258919,False
effective_market_derived,80,0.03,15,5.0,0:1;1:1.05;2:1,1.05,1.0,0.588860507865937,0.6160822249093107,0.9216770514038,False
effective_market_derived,80,0.03,15,5.0,0:1;1:1.05;2:1,1.05,1.15,0.588860507865937,0.6160822249093107,0.9254748795292159,False
effective_market_derived,80,0.03,15,5.0,0:1;1:1.05;2:1,1.05,1.3,0.588860507865937,0.6160822249093107,0.9316912477974775,False
effective_market_derived,80,0.03,15,5.0,0:1;1:1.05;2:1,1.05,1.5,0.588860507865937,0.6160822249093107,0.9412914462228192,False
effective_market_derived,80,0.03,15,5.0,0:1;1:1.05;2:1,1.1,0.85,0.592937756497948,0.6172914147521161,0.9240364480306141,False
effective_market_derived,80,0.03,15,5.0,0:1;1:1.05;2:1,1.1,1.0,0.592937756497948,0.6172914147521161,0.922885451783104,False
effective_market_derived,80,0.03,15,5.0,0:1;1:1.05;2:1,1.1,1.15,0.592937756497948,0.6172914147521161,0.926965967642273,False
effective_market_derived,80,0.03,15,5.0,0:1;1:1.05;2:1,1.1,1.3,0.592937756497948,0.6172914147521161,0.9333198933504583,False
effective_market_derived,80,0.03,15,5.0,0:1;1:1.05;2:1,1.1,1.5,0.592937756497948,0.6172914147521161,0.9429832441529027,False
effective_market_derived,80,0.03,15,5.0,0:1;1:1.05;2:1,1.15,0.85,0.5861512482900137,0.6197097944377267,0.9251449058771364,False
effective_market_derived,80,0.03,15,5.0,0:1;1:1.05;2:1,1.15,1.0,0.5861512482900137,0.6197097944377267,0.9244048848032881,False
effective_market_derived,80,0.03,15,5.0,0:1;1:1.05;2:1,1.15,1.15,0.5861512482900137,0.6197097944377267,0.9286765586130108,False
effective_market_derived,80,0.03,15,5.0,0:1;1:1.05;2:1,1.15,1.3,0.5861512482900137,0.6197097944377267,0.935105797509605,False
effective_market_derived,80,0.03,15,5.0,0:1;1:1.05;2:1,1.15,1.5,0.5861512482900137,0.6197097944377267,0.9447768974877826,False
effective_market_derived,80,0.03,15,5.0,0:1;1:1.05;2:1,1.2,0.85,0.5902284969220246,0.620918984280532,0.9266566985785888,False
effective_market_derived,80,0.03,15,5.0,0:1;1:1.05;2:1,1.2,1.0,0.5902284969220246,0.620918984280532,0.9262002096450784,False
effective_market_derived,80,0.03,15,5.0,0:1;1:1.05;2:1,1.2,1.15,0.5902284969220246,0.620918984280532,0.9305804084910477,False
effective_market_derived,80,0.03,15,5.0,0:1;1:1.05;2:1,1.2,1.3,0.5902284969220246,0.620918984280532,0.9370290346506382,False
effective_market_derived,80,0.03,15,5.0,0:1;1:1.05;2:1,1.2,1.5,0.5902284969220246,0.620918984280532,0.9466583370416087,False
market_full,80,0.04,7,1.0,none,0.85,0.85,0.5858092510259918,0.6185006045949214,0.9312907180321952,False
market_full,80,0.04,7,1.0,none,0.85,1.0,0.5858092510259918,0.6185006045949214,0.9235355564230276,False
market_full,80,0.04,7,1.0,none,0.85,1.15,0.5858092510259918,0.6185006045949214,0.9236595363035636,False
market_full,80,0.04,7,1.0,none,0.85,1.3,0.5858092510259918,0.6185006045949214,0.9275914205000582,False
market_full,80,0.04,7,1.0,none,0.85,1.5,0.5858092510259918,0.6185006045949214,0.9354073018804288,False
market_full,80,0.04,7,1.0,none,0.95,0.85,0.5859802496580028,0.619105199516324,0.9273651384985309,False
market_full,80,0.04,7,1.0,none,0.95,1.0,0.5859802496580028,0.619105199516324,0.922200385245844,False
market_full,80,0.04,7,1.0,none,0.95,1.15,0.5859802496580028,0.619105199516324,0.9238863652649989,False
market_full,80,0.04,7,1.0,none,0.95,1.3,0.5859802496580028,0.619105199516324,0.9287865885066305,False
market_full,80,0.04,7,1.0,none,0.95,1.5,0.5859802496580028,0.619105199516324,0.937360040942621,False
market_full,80,0.04,7,1.0,none,1.0,0.85,0.5893735037619698,0.6178960096735188,0.9264317333641092,False
market_full,80,0.04,7,1.0,none,1.0,1.0,0.5893735037619698,0.6178960096735188,0.922264680522747,False
market_full,80,0.04,7,1.0,none,1.0,1.15,0.5893735037619698,0.6178960096735188,0.9245321251770814,False
market_full,80,0.04,7,1.0,none,1.0,1.3,0.5893735037619698,0.6178960096735188,0.9297777388698188,False
market_full,80,0.04,7,1.0,none,1.0,1.5,0.5893735037619698,0.6178960096735188,0.9386037643879049,False
market_full,80,0.04,7,1.0,none,1.05,0.85,0.589202505129959,0.6172914147521161,0.9260804401922315,False
market_full,80,0.04,7,1.0,none,1.05,1.0,0.589202505129959,0.6172914147521161,0.9227386274668695,False
market_full,80,0.04,7,1.0,none,1.05,1.15,0.589202505129959,0.6172914147521161,0.9254730094433539,False
market_full,80,0.04,7,1.0,none,1.05,1.3,0.589202505129959,0.6172914147521161,0.9309849762390459,False
market_full,80,0.04,7,1.0,none,1.05,1.5,0.589202505129959,0.6172914147521161,0.9399922166350356,False
market_full,80,0.04,7,1.0,none,1.1,0.85,0.5819030010259918,0.6178960096735188,0.926246964204499,False
market_full,80,0.04,7,1.0,none,1.1,1.0,0.5819030010259918,0.6178960096735188,0.9235743192118917,False
market_full,80,0.04,7,1.0,none,1.1,1.15,0.5819030010259918,0.6178960096735188,0.9266726887871374,False
market_full,80,0.04,7,1.0,none,1.1,1.3,0.5819030010259918,0.6178960096735188,0.932380338638754,False
market_full,80,0.04,7,1.0,none,1.1,1.5,0.5819030010259918,0.6178960096735188,0.9415053111924434,False
market_full,80,0.04,7,1.0,none,1.15,0.85,0.573235507865937,0.6136638452237001,0.9268757243414285,False
market_full,80,0.04,7,1.0,none,1.15,1.0,0.573235507865937,0.6136638452237001,0.9247306108683669,False
market_full,80,0.04,7,1.0,none,1.15,1.15,0.573235507865937,0.6136638452237001,0.9281001278143014,False
market_full,80,0.04,7,1.0,none,1.15,1.3,0.573235507865937,0.6136638452237001,0.9339400508066956,False
market_full,80,0.04,7,1.0,none,1.15,1.5,0.573235507865937,0.6136638452237001,0.943126068969842,False
market_full,80,0.04,7,1.0,none,1.2,0.85,0.569329257865937,0.6130592503022975,0.9279183847312309,False
market_full,80,0.04,7,1.0,none,1.2,1.0,0.569329257865937,0.6130592503022975,0.9261719482436764,False
market_full,80,0.04,7,1.0,none,1.2,1.15,0.569329257865937,0.6130592503022975,0.9297286479356133,False
market_full,80,0.04,7,1.0,none,1.2,1.3,0.569329257865937,0.6130592503022975,0.9356437695580154,False
market_full,80,0.04,7,1.0,none,1.2,1.5,0.569329257865937,0.6130592503022975,0.9448400463445165,False
market_full,120,0.03,7,1.0,none,0.85,0.85,0.5827579941860466,0.620918984280532,0.9318529719351273,False
market_full,120,0.03,7,1.0,none,0.85,1.0,0.5827579941860466,0.620918984280532,0.9232026331995385,False
market_full,120,0.03,7,1.0,none,0.85,1.15,0.5827579941860466,0.620918984280532,0.9227054210092025,False
market_full,120,0.03,7,1.0,none,0.85,1.3,0.5827579941860466,0.620918984280532,0.9262125782227709,False
market_full,120,0.03,7,1.0,none,0.85,1.5,0.5827579941860466,0.620918984280532,0.9336702999711088,False
market_full,120,0.03,7,1.0,none,0.95,0.85,0.5825869955540356,0.6203143893591294,0.9280155740290055,False
market_full,120,0.03,7,1.0,none,0.95,1.0,0.5825869955540356,0.6203143893591294,0.9219225456711946,False
market_full,120,0.03,7,1.0,none,0.95,1.15,0.5825869955540356,0.6203143893591294,0.9229688658026427,False
market_full,120,0.03,7,1.0,none,0.95,1.3,0.5825869955540356,0.6203143893591294,0.9274336966200394,False
market_full,120,0.03,7,1.0,none,0.95,1.5,0.5825869955540356,0.6203143893591294,0.9356410453348938,False
market_full,120,0.03,7,1.0,none,1.0,0.85,0.5825869955540356,0.6203143893591294,0.9271221000011199,False
market_full,120,0.03,7,1.0,none,1.0,1.0,0.5825869955540356,0.6203143893591294,0.922011452855021,False
market_full,120,0.03,7,1.0,none,1.0,1.15,0.5825869955540356,0.6203143893591294,0.9236308525133926,False
market_full,120,0.03,7,1.0,none,1.0,1.3,0.5825869955540356,0.6203143893591294,0.9284363076490459,False
market_full,120,0.03,7,1.0,none,1.0,1.5,0.5825869955540356,0.6203143893591294,0.9368927315386285,False
market_full,120,0.03,7,1.0,none,1.05,0.85,0.5779967510259918,0.6172914147521161,0.9268081243265294,False
market_full,120,0.03,7,1.0,none,1.05,1.0,0.5779967510259918,0.6172914147521161,0.9225082168372184,False
market_full,120,0.03,7,1.0,none,1.05,1.15,0.5779967510259918,0.6172914147521161,0.9245867096166946,False
market_full,120,0.03,7,1.0,none,1.05,1.3,0.5779967510259918,0.6172914147521161,0.9296541035641166,False
market_full,120,0.03,7,1.0,none,1.05,1.5,0.5779967510259918,0.6172914147521161,0.9382885332150106,False
market_full,120,0.03,7,1.0,none,1.1,0.85,0.5788517441860466,0.6203143893591294,0.9270094683507552,False
market_full,120,0.03,7,1.0,none,1.1,1.0,0.5788517441860466,0.6203143893591294,0.9233650385208293,False
market_full,120,0.03,7,1.0,none,1.1,1.15,0.5788517441860466,0.6203143893591294,0.9258001959118166,False
market_full,120,0.03,7,1.0,none,1.1,1.3,0.5788517441860466,0.6203143893591294,0.9310591921209308,False
market_full,120,0.03,7,1.0,none,1.1,1.5,0.5788517441860466,0.6203143893591294,0.9398084151308304,False
market_full,120,0.03,7,1.0,none,1.15,0.85,0.5776547537619698,0.6160822249093107,0.9276706636606485,False
market_full,120,0.03,7,1.0,none,1.15,1.0,0.5776547537619698,0.6160822249093107,0.9245408729160214,False
market_full,120,0.03,7,1.0,none,1.15,1.15,0.5776547537619698,0.6160822249093107,0.927240355920537,False
market_full,120,0.03,7,1.0,none,1.15,1.3,0.5776547537619698,0.6160822249093107,0.9326278605204958,False
market_full,120,0.03,7,1.0,none,1.15,1.5,0.5776547537619698,0.6160822249093107,0.941435443618154,False
market_full,120,0.03,7,1.0,none,1.2,0.85,0.577312756497948,0.6148730350665055,0.9287434832140834,False
market_full,120,0.03,7,1.0,none,1.2,1.0,0.577312756497948,0.6148730350665055,0.9260002585598968,False
market_full,120,0.03,7,1.0,none,1.2,1.15,0.577312756497948,0.6148730350665055,0.9288805837945769,False
market_full,120,0.03,7,1.0,none,1.2,1.3,0.577312756497948,0.6148730350665055,0.9343398217589542,False
market_full,120,0.03,7,1.0,none,1.2,1.5,0.577312756497948,0.6148730350665055,0.9431552154979941,False
market_full,120,0.04,15,3.0,none,0.85,0.85,0.5764577633378933,0.6118500604594922,0.9646302322652462,False
market_full,120,0.04,15,3.0,none,0.85,1.0,0.5764577633378933,0.6118500604594922,0.9437313764513271,False
market_full,120,0.04,15,3.0,none,0.85,1.15,0.5764577633378933,0.6118500604594922,0.9348079708839074,False
market_full,120,0.04,15,3.0,none,0.85,1.3,0.5764577633378933,0.6118500604594922,0.9323840648512417,False
market_full,120,0.04,15,3.0,none,0.85,1.5,0.5764577633378933,0.6118500604594922,0.9344650053979163,False
market_full,120,0.04,15,3.0,none,0.95,0.85,0.5723805147058824,0.6106408706166868,0.9591666270625556,False
market_full,120,0.04,15,3.0,none,0.95,1.0,0.5723805147058824,0.6106408706166868,0.9409951104859963,False
market_full,120,0.04,15,3.0,none,0.95,1.15,0.5723805147058824,0.6106408706166868,0.933787674898608,False
market_full,120,0.04,15,3.0,none,0.95,1.3,0.5723805147058824,0.6106408706166868,0.9324796874743823,False
market_full,120,0.04,15,3.0,none,0.95,1.5,0.5723805147058824,0.6106408706166868,0.9354917338738108,False
market_full,120,0.04,15,3.0,none,1.0,0.85,0.5757737688098495,0.6094316807738815,0.9574544872512689,False
market_full,120,0.04,15,3.0,none,1.0,1.0,0.5757737688098495,0.6094316807738815,0.9403645464642678,False
market_full,120,0.04,15,3.0,none,1.0,1.15,0.5757737688098495,0.6094316807738815,0.9338232034315774,False
market_full,120,0.04,15,3.0,none,1.0,1.3,0.5757737688098495,0.6094316807738815,0.9329379111099874,False
market_full,120,0.04,15,3.0,none,1.0,1.5,0.5757737688098495,0.6094316807738815,0.9362906920781526,False
market_full,120,0.04,15,3.0,none,1.05,0.85,0.5766287619699042,0.6124546553808948,0.9563194751305979,False
market_full,120,0.04,15,3.0,none,1.05,1.0,0.5766287619699042,0.6124546553808948,0.9401477988091427,False
market_full,120,0.04,15,3.0,none,1.05,1.15,0.5766287619699042,0.6124546553808948,0.934162411479072,False
market_full,120,0.04,15,3.0,none,1.05,1.3,0.5766287619699042,0.6124546553808948,0.9336227049749888,False
market_full,120,0.04,15,3.0,none,1.05,1.5,0.5766287619699042,0.6124546553808948,0.9372455165046675,False
market_full,120,0.04,15,3.0,none,1.1,0.85,0.5764577633378933,0.6118500604594922,0.9556982925949192,False
market_full,120,0.04,15,3.0,none,1.1,1.0,0.5764577633378933,0.6118500604594922,0.9402971895143575,False
market_full,120,0.04,15,3.0,none,1.1,1.15,0.5764577633378933,0.6118500604594922,0.9347687369065745,False
market_full,120,0.04,15,3.0,none,1.1,1.3,0.5764577633378933,0.6118500604594922,0.9345056101637755,False
market_full,120,0.04,15,3.0,none,1.1,1.5,0.5764577633378933,0.6118500604594922,0.938335454457283,False
market_full,120,0.04,15,3.0,none,1.15,0.85,0.5677902701778386,0.6076178960096735,0.9555362648687642,False
market_full,120,0.04,15,3.0,none,1.15,1.0,0.5677902701778386,0.6076178960096735,0.9407717680149494,False
market_full,120,0.04,15,3.0,none,1.15,1.15,0.5677902701778386,0.6076178960096735,0.9356109228008767,False
market_full,120,0.04,15,3.0,none,1.15,1.3,0.5677902701778386,0.6076178960096735,0.9355623971130211,False
market_full,120,0.04,15,3.0,none,1.15,1.5,0.5677902701778386,0.6076178960096735,0.9395429271221375,False
market_full,120,0.04,15,3.0,none,1.2,0.85,0.5633710242818057,0.6051995163240629,0.9557858798415608,False
market_full,120,0.04,15,3.0,none,1.2,1.0,0.5633710242818057,0.6051995163240629,0.941536144108601,False
market_full,120,0.04,15,3.0,none,1.2,1.15,0.5633710242818057,0.6051995163240629,0.9366620792808616,False
market_full,120,0.04,15,3.0,none,1.2,1.3,0.5633710242818057,0.6051995163240629,0.9367723054962713,False
market_full,120,0.04,15,3.0,none,1.2,1.5,0.5633710242818057,0.6051995163240629,0.940852948388931,False
market_full,80,0.03,15,5.0,0:1;1:1.05;2:1,0.85,0.85,0.593108755129959,0.6178960096735188,0.927844102081046,False
market_full,80,0.03,15,5.0,0:1;1:1.05;2:1,0.85,1.0,0.593108755129959,0.6178960096735188,0.9217781842907776,False
market_full,80,0.03,15,5.0,0:1;1:1.05;2:1,0.85,1.15,0.593108755129959,0.6178960096735188,0.9230359280506073,False
market_full,80,0.03,15,5.0,0:1;1:1.05;2:1,0.85,1.3,0.593108755129959,0.6178960096735188,0.9277423698549114,False
market_full,80,0.03,15,5.0,0:1;1:1.05;2:1,0.85,1.5,0.593108755129959,0.6178960096735188,0.93623378439092,False
market_full,80,0.03,15,5.0,0:1;1:1.05;2:1,0.95,0.85,0.5925957592339262,0.6160822249093107,0.9245052124101085,False
market_full,80,0.03,15,5.0,0:1;1:1.05;2:1,0.95,1.0,0.5925957592339262,0.6160822249093107,0.9209010965004913,False
market_full,80,0.03,15,5.0,0:1;1:1.05;2:1,0.95,1.15,0.5925957592339262,0.6160822249093107,0.9236280125543633,False
market_full,80,0.03,15,5.0,0:1;1:1.05;2:1,0.95,1.3,0.5925957592339262,0.6160822249093107,0.9292340644404135,False
market_full,80,0.03,15,5.0,0:1;1:1.05;2:1,0.95,1.5,0.5925957592339262,0.6160822249093107,0.9384165514217391,False
market_full,80,0.03,15,5.0,0:1;1:1.05;2:1,1.0,0.85,0.5895445023939808,0.6185006045949214,0.9238547964946129,False
market_full,80,0.03,15,5.0,0:1;1:1.05;2:1,1.0,1.0,0.5895445023939808,0.6185006045949214,0.9211849944992686,False
market_full,80,0.03,15,5.0,0:1;1:1.05;2:1,1.0,1.15,0.5895445023939808,0.6185006045949214,0.9244479817504897,False
market_full,80,0.03,15,5.0,0:1;1:1.05;2:1,1.0,1.3,0.5895445023939808,0.6185006045949214,0.9303660564201253,False
market_full,80,0.03,15,5.0,0:1;1:1.05;2:1,1.0,1.5,0.5895445023939808,0.6185006045949214,0.9397690539181448,False
market_full,80,0.03,15,5.0,0:1;1:1.05;2:1,1.05,0.85,0.5808770092339262,0.6142684401451027,0.9237799214095059,False
market_full,80,0.03,15,5.0,0:1;1:1.05;2:1,1.05,1.0,0.5808770092339262,0.6142684401451027,0.9218726780460048,False
market_full,80,0.03,15,5.0,0:1;1:1.05;2:1,1.05,1.15,0.5808770092339262,0.6142684401451027,0.9255579162791138,False
market_full,80,0.03,15,5.0,0:1;1:1.05;2:1,1.05,1.3,0.5808770092339262,0.6142684401451027,0.9317096319301195,False
market_full,80,0.03,15,5.0,0:1;1:1.05;2:1,1.05,1.5,0.5808770092339262,0.6142684401451027,0.9412625365617582,False
market_full,80,0.03,15,5.0,0:1;1:1.05;2:1,1.1,0.85,0.585296255129959,0.6166868198307134,0.9242165311623523,False
market_full,80,0.03,15,5.0,0:1;1:1.05;2:1,1.1,1.0,0.585296255129959,0.6166868198307134,0.9229165292506518,False
market_full,80,0.03,15,5.0,0:1;1:1.05;2:1,1.1,1.15,0.585296255129959,0.6166868198307134,0.9269217864875762,False
market_full,80,0.03,15,5.0,0:1;1:1.05;2:1,1.1,1.3,0.585296255129959,0.6166868198307134,0.9332371185553525,False
market_full,80,0.03,15,5.0,0:1;1:1.05;2:1,1.1,1.5,0.585296255129959,0.6166868198307134,0.942877175638565,False
market_full,80,0.03,15,5.0,0:1;1:1.05;2:1,1.15,0.85,0.585125256497948,0.6160822249093107,0.9251092741647938,False
market_full,80,0.03,15,5.0,0:1;1:1.05;2:1,1.15,1.0,0.585125256497948,0.6160822249093107,0.9242756705560906,False
market_full,80,0.03,15,5.0,0:1;1:1.05;2:1,1.15,1.15,0.585125256497948,0.6160822249093107,0.9285088293840355,False
market_full,80,0.03,15,5.0,0:1;1:1.05;2:1,1.15,1.3,0.585125256497948,0.6160822249093107,0.9349250016235795,False
market_full,80,0.03,15,5.0,0:1;1:1.05;2:1,1.15,1.5,0.585125256497948,0.6160822249093107,0.9445962265384505,False
market_full,80,0.03,15,5.0,0:1;1:1.05;2:1,1.2,0.85,0.5893735037619698,0.6178960096735188,0.9264100344886237,False
market_full,80,0.03,15,5.0,0:1;1:1.05;2:1,1.2,1.0,0.5893735037619698,0.6178960096735188,0.9259147956456345,False
market_full,80,0.03,15,5.0,0:1;1:1.05;2:1,1.2,1.15,0.5893735037619698,0.6178960096735188,0.9302926149619566,False
market_full,80,0.03,15,5.0,0:1;1:1.05;2:1,1.2,1.3,0.5893735037619698,0.6178960096735188,0.9367531735074511,False
market_full,80,0.03,15,5.0,0:1;1:1.05;2:1,1.2,1.5,0.5893735037619698,0.6178960096735188,0.9464054559025527,False
