xg_strength,total_goal_strength,dixon_coles_rho,statsbomb_window,goal_profile_weight,matches,log_loss,brier_score,accuracy,top_probability_accuracy,top_probability_predicted_draws,predicted_draws,actual_draws,decision_accuracy,draw_recall,draw_precision,non_draw_accuracy,selected
0.0,0.5,0.0,5,0.2,64.0,1.0241592600622218,0.6047690920673789,0.5625,0.5625,0.0,0.0,13.0,0.5625,0.0,0.0,0.7058823529411765,True
0.0,0.25,0.0,5,0.2,64.0,1.0252405791027694,0.605038117391229,0.5625,0.5625,0.0,0.0,13.0,0.5625,0.0,0.0,0.7058823529411765,False
0.0,0.5,0.0,3,0.2,64.0,1.0259829750860945,0.6060253343271224,0.5625,0.5625,0.0,0.0,13.0,0.5625,0.0,0.0,0.7058823529411765,False
0.0,0.25,0.0,3,0.2,64.0,1.026140228728538,0.6056696272051467,0.5625,0.5625,0.0,0.0,13.0,0.5625,0.0,0.0,0.7058823529411765,False
0.0,0.5,0.0,5,0.35,64.0,1.0263948320312317,0.6055335446643699,0.546875,0.546875,0.0,0.0,13.0,0.546875,0.0,0.0,0.6862745098039216,False
0.0,0.0,0.0,3,0.2,64.0,1.026517903560427,0.6054368699798705,0.5625,0.5625,0.0,0.0,13.0,0.5625,0.0,0.0,0.7058823529411765,False
0.0,0.0,0.0,5,0.2,64.0,1.026517903560427,0.6054368699798705,0.5625,0.5625,0.0,0.0,13.0,0.5625,0.0,0.0,0.7058823529411765,False
0.0,0.5,-0.04,5,0.2,64.0,1.0272333722091007,0.6052716154298431,0.5625,0.5625,0.0,0.0,13.0,0.5625,0.0,0.0,0.7058823529411765,False
0.0,0.25,0.0,5,0.35,64.0,1.0274162620623193,0.6057585773681932,0.546875,0.546875,0.0,0.0,13.0,0.546875,0.0,0.0,0.6862745098039216,False
0.0,0.5,0.0,3,0.35,64.0,1.0282441729273526,0.6067852752135807,0.546875,0.546875,0.0,0.0,13.0,0.546875,0.0,0.0,0.6862745098039216,False
0.0,0.25,0.0,3,0.35,64.0,1.028327279261315,0.6063881161837918,0.546875,0.546875,0.0,0.0,13.0,0.546875,0.0,0.0,0.6862745098039216,False
0.0,0.25,-0.04,5,0.2,64.0,1.0284180295170855,0.6056156107496589,0.5625,0.5625,0.0,0.0,13.0,0.5625,0.0,0.0,0.7058823529411765,False
0.0,0.0,0.0,3,0.35,64.0,1.028631106593974,0.6061076405586183,0.546875,0.546875,0.0,0.0,13.0,0.546875,0.0,0.0,0.6862745098039216,False
0.0,0.0,0.0,5,0.35,64.0,1.028631106593974,0.6061076405586183,0.546875,0.546875,0.0,0.0,13.0,0.546875,0.0,0.0,0.6862745098039216,False
0.0,0.5,-0.04,3,0.2,64.0,1.029065540042004,0.6065575056205376,0.5625,0.5625,0.0,0.0,13.0,0.5625,0.0,0.0,0.7058823529411765,False
0.0,0.25,-0.04,3,0.2,64.0,1.029322262449224,0.6062611803723421,0.5625,0.5625,0.0,0.0,13.0,0.5625,0.0,0.0,0.7058823529411765,False
0.0,0.5,-0.04,5,0.35,64.0,1.0294664025497327,0.6060029686833361,0.546875,0.546875,0.0,0.0,13.0,0.546875,0.0,0.0,0.6862745098039216,False
0.0,0.0,-0.04,3,0.2,64.0,1.029782516960636,0.6060857097520502,0.5625,0.5625,0.0,0.0,13.0,0.5625,0.0,0.0,0.7058823529411765,False
0.0,0.0,-0.04,5,0.2,64.0,1.029782516960636,0.6060857097520502,0.5625,0.5625,0.0,0.0,13.0,0.5625,0.0,0.0,0.7058823529411765,False
0.25,0.5,0.0,5,0.2,64.0,1.0303244837997942,0.6079638671322046,0.5625,0.5625,0.0,0.0,13.0,0.5625,0.0,0.0,0.7058823529411765,False
0.0,0.25,-0.04,5,0.35,64.0,1.030597388870232,0.6063041499875758,0.546875,0.546875,0.0,0.0,13.0,0.546875,0.0,0.0,0.6862745098039216,False
0.0,0.5,-0.08,5,0.2,64.0,1.0308209029246957,0.6059525424475756,0.5625,0.5625,0.0,1.0,13.0,0.546875,0.0,0.0,0.6862745098039216,False
0.0,0.5,-0.04,3,0.35,64.0,1.0313245651505083,0.6072851690159357,0.546875,0.546875,0.0,0.0,13.0,0.546875,0.0,0.0,0.6862745098039216,False
0.25,0.25,0.0,5,0.2,64.0,1.03139760341055,0.6082219963306266,0.5625,0.5625,0.0,0.0,13.0,0.5625,0.0,0.0,0.7058823529411765,False
0.0,0.25,-0.04,3,0.35,64.0,1.0315132796089996,0.6069481885541753,0.546875,0.546875,0.0,0.0,13.0,0.546875,0.0,0.0,0.6862745098039216,False
0.0,0.0,-0.04,3,0.35,64.0,1.0319061859036254,0.606726426924423,0.546875,0.546875,0.0,0.0,13.0,0.546875,0.0,0.0,0.6862745098039216,False
0.0,0.0,-0.04,5,0.35,64.0,1.0319061859036254,0.606726426924423,0.546875,0.546875,0.0,0.0,13.0,0.546875,0.0,0.0,0.6862745098039216,False
0.0,0.25,-0.08,5,0.2,64.0,1.032112863954636,0.6063749289516444,0.5625,0.5625,0.0,1.0,13.0,0.546875,0.0,0.0,0.6862745098039216,False
0.25,0.5,0.0,3,0.2,64.0,1.0322809227010972,0.6093069783527302,0.5625,0.5625,0.0,0.0,13.0,0.5625,0.0,0.0,0.7058823529411765,False
0.25,0.25,0.0,3,0.2,64.0,1.0324060539794402,0.6089521746459523,0.5625,0.5625,0.0,0.0,13.0,0.5625,0.0,0.0,0.7058823529411765,False
0.0,0.5,-0.08,3,0.2,64.0,1.0326618305512136,0.6072688820803264,0.5625,0.5625,0.0,1.0,13.0,0.546875,0.0,0.0,0.6862745098039216,False
0.25,0.0,0.0,5,0.2,64.0,1.032671113716573,0.6086084919310941,0.5625,0.5625,0.0,0.0,13.0,0.5625,0.0,0.0,0.7058823529411765,False
0.25,0.0,0.0,3,0.2,64.0,1.0327582767330374,0.608716921431965,0.5625,0.5625,0.0,0.0,13.0,0.5625,0.0,0.0,0.7058823529411765,False
0.0,0.25,-0.08,3,0.2,64.0,1.0330219350499914,0.60703490511831,0.5625,0.5625,0.0,1.0,13.0,0.546875,0.0,0.0,0.6862745098039216,False
0.0,0.5,-0.08,5,0.35,64.0,1.0330535715853753,0.6066459681865021,0.546875,0.546875,0.0,0.0,13.0,0.546875,0.0,0.0,0.6862745098039216,False
0.25,0.5,0.0,5,0.35,64.0,1.0331521632998772,0.6088342284935463,0.5625,0.5625,0.0,0.0,13.0,0.5625,0.0,0.0,0.7058823529411765,False
0.25,0.5,-0.04,5,0.2,64.0,1.0334302575308547,0.6084492956075613,0.5625,0.5625,0.0,0.0,13.0,0.5625,0.0,0.0,0.7058823529411765,False
0.0,0.0,-0.08,3,0.2,64.0,1.0335678269664925,0.6069190829792533,0.5625,0.5625,0.0,1.0,13.0,0.5625,0.0,0.0,0.7058823529411765,False
0.0,0.0,-0.08,5,0.2,64.0,1.0335678269664925,0.6069190829792533,0.5625,0.5625,0.0,1.0,13.0,0.5625,0.0,0.0,0.7058823529411765,False
0.25,0.25,0.0,5,0.35,64.0,1.0341614759158548,0.6090490185372462,0.5625,0.5625,0.0,0.0,13.0,0.5625,0.0,0.0,0.7058823529411765,False
0.0,0.25,-0.08,5,0.35,64.0,1.0342981838560081,0.6070269251188066,0.546875,0.546875,0.0,0.0,13.0,0.546875,0.0,0.0,0.6862745098039216,False
0.25,0.25,-0.04,5,0.2,64.0,1.0346067269201231,0.6087817723348485,0.5625,0.5625,0.0,0.0,13.0,0.5625,0.0,0.0,0.7058823529411765,False
0.0,0.5,-0.08,3,0.35,64.0,1.0349208726249874,0.6079595788113122,0.546875,0.546875,0.0,0.0,13.0,0.546875,0.0,0.0,0.6862745098039216,False
0.0,0.5,-0.12,5,0.2,64.0,1.034928240630263,0.6068118731205762,0.5625,0.5625,0.0,2.0,13.0,0.53125,0.0,0.0,0.6666666666666666,False
0.25,0.5,0.0,3,0.35,64.0,1.0351317345078845,0.6101624809340316,0.5625,0.5625,0.0,0.0,13.0,0.5625,0.0,0.0,0.7058823529411765,False
0.25,0.25,0.0,3,0.35,64.0,1.0351778205934905,0.6097679049011188,0.5625,0.5625,0.0,0.0,13.0,0.5625,0.0,0.0,0.7058823529411765,False
0.0,0.25,-0.08,3,0.35,64.0,1.0352192129146305,0.6076858823181874,0.546875,0.546875,0.0,0.0,13.0,0.546875,0.0,0.0,0.6862745098039216,False
0.25,0.0,0.0,5,0.35,64.0,1.0353687717848052,0.6093862512185951,0.5625,0.5625,0.0,0.0,13.0,0.5625,0.0,0.0,0.7058823529411765,False
0.25,0.5,-0.04,3,0.2,64.0,1.0353911585696047,0.6098367958880323,0.5625,0.5625,0.0,0.0,13.0,0.5625,0.0,0.0,0.7058823529411765,False
0.25,0.0,0.0,3,0.35,64.0,1.0354515942525353,0.6094862035022784,0.5625,0.5625,0.0,0.0,13.0,0.5625,0.0,0.0,0.7058823529411765,False
0.25,0.25,-0.04,3,0.2,64.0,1.0356157211234773,0.6095402900307493,0.5625,0.5625,0.0,0.0,13.0,0.5625,0.0,0.0,0.7058823529411765,False
0.0,0.0,-0.08,3,0.35,64.0,1.035704399272288,0.6075253953746035,0.546875,0.546875,0.0,0.0,13.0,0.546875,0.0,0.0,0.6862745098039216,False
0.0,0.0,-0.08,5,0.35,64.0,1.035704399272288,0.6075253953746035,0.546875,0.546875,0.0,0.0,13.0,0.546875,0.0,0.0,0.6862745098039216,False
0.25,0.0,-0.04,5,0.2,64.0,1.0359673685982187,0.609239212522403,0.5625,0.5625,0.0,0.0,13.0,0.5625,0.0,0.0,0.7058823529411765,False
0.25,0.0,-0.04,3,0.2,64.0,1.036050380853375,0.6093614555173611,0.5625,0.5625,0.0,0.0,13.0,0.5625,0.0,0.0,0.7058823529411765,False
0.25,0.5,-0.04,5,0.35,64.0,1.0362615742092356,0.6092939867405556,0.5625,0.5625,0.0,0.0,13.0,0.5625,0.0,0.0,0.7058823529411765,False
0.0,0.25,-0.12,5,0.2,64.0,1.0363317658910354,0.6073160719971857,0.5625,0.5625,0.0,3.0,13.0,0.53125,0.0,0.0,0.6666666666666666,False
0.0,0.5,-0.12,3,0.2,64.0,1.0367781041481299,0.6081594637064887,0.5625,0.5625,0.0,3.0,13.0,0.53125,0.0,0.0,0.6666666666666666,False
0.25,0.5,-0.08,5,0.2,64.0,1.0370635001454358,0.6091080246719515,0.5625,0.5625,0.0,2.0,13.0,0.546875,0.0,0.0,0.6862745098039216,False
0.0,0.5,-0.12,5,0.35,64.0,1.0371645263373865,0.6074625431738677,0.546875,0.546875,0.0,1.0,13.0,0.546875,0.0,0.0,0.6862745098039216,False
0.0,0.25,-0.12,3,0.2,64.0,1.0372458703938467,0.6079908014430507,0.5625,0.5625,0.0,3.0,13.0,0.53125,0.0,0.0,0.6666666666666666,False
0.25,0.25,-0.04,5,0.35,64.0,1.037380380324517,0.6095841587142893,0.5625,0.5625,0.0,0.0,13.0,0.5625,0.0,0.0,0.7058823529411765,False
0.0,0.0,-0.12,3,0.2,64.0,1.037880792886143,0.6079369896614798,0.5625,0.5625,0.0,4.0,13.0,0.53125,0.0,0.0,0.6666666666666666,False
0.0,0.0,-0.12,5,0.2,64.0,1.037880792886143,0.6079369896614798,0.5625,0.5625,0.0,4.0,13.0,0.53125,0.0,0.0,0.6666666666666666,False
0.25,0.5,-0.04,3,0.35,64.0,1.0382462584487244,0.6106673595132401,0.5625,0.5625,0.0,0.0,13.0,0.5625,0.0,0.0,0.7058823529411765,False
0.25,0.25,-0.08,5,0.2,64.0,1.038347410240931,0.6095182365033789,0.5625,0.5625,0.0,1.0,13.0,0.5625,0.0,0.0,0.7058823529411765,False
0.25,0.25,-0.04,3,0.35,64.0,1.0383978251183497,0.6103317236259542,0.5625,0.5625,0.0,0.0,13.0,0.5625,0.0,0.0,0.7058823529411765,False
0.0,0.25,-0.12,5,0.35,64.0,1.038527154667888,0.6079269027618857,0.546875,0.546875,0.0,1.0,13.0,0.546875,0.0,0.0,0.6862745098039216,False
0.25,0.0,-0.04,5,0.35,64.0,1.03868151396276,0.6099940506817674,0.5625,0.5625,0.0,0.0,13.0,0.5625,0.0,0.0,0.7058823529411765,False
0.25,0.0,-0.04,3,0.35,64.0,1.038760432483795,0.6101077029416818,0.5625,0.5625,0.0,0.0,13.0,0.5625,0.0,0.0,0.7058823529411765,False
0.25,0.5,-0.08,3,0.2,64.0,1.0390287928116042,0.6105409945200989,0.5625,0.5625,0.0,2.0,13.0,0.546875,0.0,0.0,0.6862745098039216,False
0.0,0.5,-0.12,3,0.35,64.0,1.0390411357493043,0.6088085045997103,0.546875,0.546875,0.0,1.0,13.0,0.546875,0.0,0.0,0.6862745098039216,False
0.5,0.5,0.0,5,0.2,64.0,1.039281555467927,0.6126366824007097,0.5625,0.5625,0.0,0.0,13.0,0.5625,0.0,0.0,0.7058823529411765,False
0.25,0.25,-0.08,3,0.2,64.0,1.039356836468816,0.6103057118816198,0.5625,0.5625,0.0,2.0,13.0,0.546875,0.0,0.0,0.6862745098039216,False
0.0,0.25,-0.12,3,0.35,64.0,1.0394535200061,0.6086011974758279,0.546875,0.546875,0.0,1.0,13.0,0.546875,0.0,0.0,0.6862745098039216,False
0.25,0.0,-0.08,5,0.2,64.0,1.0397985969524508,0.6100493141754563,0.5625,0.5625,0.0,0.0,13.0,0.5625,0.0,0.0,0.7058823529411765,False
0.25,0.0,-0.08,3,0.2,64.0,1.0398770911770807,0.6101856372638201,0.5625,0.5625,0.0,1.0,13.0,0.5625,0.0,0.0,0.7058823529411765,False
0.25,0.5,-0.08,5,0.35,64.0,1.0399019706933414,0.6099224213865712,0.5625,0.5625,0.0,0.0,13.0,0.5625,0.0,0.0,0.7058823529411765,False
0.0,0.0,-0.12,3,0.35,64.0,1.0400345565613285,0.6085045459091597,0.546875,0.546875,0.0,3.0,13.0,0.546875,0.0,0.0,0.6862745098039216,False
0.0,0.0,-0.12,5,0.35,64.0,1.0400345565613285,0.6085045459091597,0.546875,0.546875,0.0,3.0,13.0,0.546875,0.0,0.0,0.6862745098039216,False
0.5,0.25,0.0,5,0.2,64.0,1.0403252975310289,0.6128645005233413,0.5625,0.5625,0.0,0.0,13.0,0.5625,0.0,0.0,0.7058823529411765,False
0.25,0.25,-0.08,5,0.35,64.0,1.0411344758400347,0.610291560303111,0.5625,0.5625,0.0,0.0,13.0,0.5625,0.0,0.0,0.7058823529411765,False
0.25,0.5,-0.12,5,0.2,64.0,1.0412339369592531,0.6099400543253748,0.5625,0.5625,0.0,3.0,13.0,0.53125,0.0,0.0,0.6666666666666666,False
0.5,0.5,0.0,3,0.2,64.0,1.0414528887200325,0.6140917370284533,0.5625,0.5625,0.0,0.0,13.0,0.5625,0.0,0.0,0.7058823529411765,False
0.5,0.25,0.0,3,0.2,64.0,1.041521025991638,0.6137212567518052,0.5625,0.5625,0.0,0.0,13.0,0.5625,0.0,0.0,0.7058823529411765,False
0.5,0.0,0.0,5,0.2,64.0,1.0415745936836087,0.6132191298348691,0.5625,0.5625,0.0,0.0,13.0,0.5625,0.0,0.0,0.7058823529411765,False
0.5,0.0,0.0,3,0.2,64.0,1.0418239069450064,0.6134665195095621,0.5625,0.5625,0.0,0.0,13.0,0.5625,0.0,0.0,0.7058823529411765,False
0.25,0.5,-0.08,3,0.35,64.0,1.0418917228189788,0.611342127624395,0.5625,0.5625,0.0,0.0,13.0,0.5625,0.0,0.0,0.7058823529411765,False
0.25,0.25,-0.08,3,0.35,64.0,1.0421529362744282,0.6110684887613327,0.5625,0.5625,0.0,0.0,13.0,0.5625,0.0,0.0,0.7058823529411765,False
0.5,0.5,-0.04,5,0.2,64.0,1.0424494282127177,0.6131113498541577,0.5625,0.5625,0.0,0.0,13.0,0.5625,0.0,0.0,0.7058823529411765,False
0.25,0.0,-0.08,5,0.35,64.0,1.0425330228364116,0.6107770667778505,0.5625,0.5625,0.0,1.0,13.0,0.578125,0.07692307692307693,1.0,0.7058823529411765,False
0.25,0.0,-0.08,3,0.35,64.0,1.0426076880076955,0.6109046808519648,0.5625,0.5625,0.0,1.0,13.0,0.578125,0.07692307692307693,1.0,0.7058823529411765,False
0.25,0.25,-0.12,5,0.2,64.0,1.0426297120775347,0.6104313888362177,0.5625,0.5625,0.0,3.0,13.0,0.53125,0.0,0.0,0.6666666666666666,False
0.5,0.5,0.0,5,0.35,64.0,1.042725466078946,0.6135751684058648,0.5625,0.5625,0.0,0.0,13.0,0.5625,0.0,0.0,0.7058823529411765,False
0.25,0.5,-0.12,3,0.2,64.0,1.0432033856627987,0.6114195742489298,0.5625,0.5625,0.0,3.0,13.0,0.53125,0.0,0.0,0.6666666666666666,False
0.5,0.25,-0.04,5,0.2,64.0,1.0435966276377495,0.6134125940933833,0.5625,0.5625,0.0,0.0,13.0,0.5625,0.0,0.0,0.7058823529411765,False
0.25,0.25,-0.12,3,0.2,64.0,1.0436393688894703,0.6112484401985637,0.5625,0.5625,0.0,3.0,13.0,0.53125,0.0,0.0,0.6666666666666666,False
0.5,0.25,0.0,5,0.35,64.0,1.04370144430064,0.6137608742706008,0.5625,0.5625,0.0,0.0,13.0,0.5625,0.0,0.0,0.7058823529411765,False
0.25,0.5,-0.12,5,0.35,64.0,1.0440853800261658,0.6107195324315932,0.5625,0.5625,0.0,2.0,13.0,0.578125,0.07692307692307693,0.5,0.7058823529411765,False
0.25,0.0,-0.12,5,0.2,64.0,1.0441751670708082,0.611038796890254,0.5625,0.5625,0.0,5.0,13.0,0.515625,0.0,0.0,0.6470588235294118,False
0.25,0.0,-0.12,3,0.2,64.0,1.0442487479089597,0.6111894666713422,0.5625,0.5625,0.0,5.0,13.0,0.515625,0.0,0.0,0.6470588235294118,False
0.5,0.5,-0.04,3,0.2,64.0,1.0446214326044745,0.6146258834635615,0.5625,0.5625,0.0,0.0,13.0,0.5625,0.0,0.0,0.7058823529411765,False
0.5,0.25,-0.04,3,0.2,64.0,1.044789069204744,0.6143123423863528,0.5625,0.5625,0.0,0.0,13.0,0.5625,0.0,0.0,0.7058823529411765,False
0.5,0.0,0.0,5,0.35,64.0,1.0448807581895185,0.6140673104596309,0.5625,0.5625,0.0,0.0,13.0,0.5625,0.0,0.0,0.7058823529411765,False
0.5,0.25,0.0,3,0.35,64.0,1.0449000969715732,0.614595358821897,0.5625,0.5625,0.0,0.0,13.0,0.5625,0.0,0.0,0.7058823529411765,False
0.5,0.5,0.0,3,0.35,64.0,1.0449159215056092,0.6150034161967864,0.5625,0.5625,0.0,0.0,13.0,0.5625,0.0,0.0,0.7058823529411765,False
0.5,0.0,-0.04,5,0.2,64.0,1.0449330866720306,0.6138374579454627,0.5625,0.5625,0.0,0.0,13.0,0.5625,0.0,0.0,0.7058823529411765,False
0.5,0.0,0.0,3,0.35,64.0,1.0451199140100402,0.6142960487973941,0.5625,0.5625,0.0,0.0,13.0,0.5625,0.0,0.0,0.7058823529411765,False
0.5,0.0,-0.04,3,0.2,64.0,1.045174311820786,0.6141128668987568,0.5625,0.5625,0.0,0.0,13.0,0.5625,0.0,0.0,0.7058823529411765,False
0.25,0.25,-0.12,5,0.35,64.0,1.0454361537432975,0.6111712233037115,0.5625,0.5625,0.0,2.0,13.0,0.578125,0.07692307692307693,0.5,0.7058823529411765,False
0.5,0.5,-0.04,5,0.35,64.0,1.045903399394984,0.6140300341260063,0.5625,0.5625,0.0,0.0,13.0,0.5625,0.0,0.0,0.7058823529411765,False
0.25,0.5,-0.12,3,0.35,64.0,1.0460799736927986,0.612186785267496,0.5625,0.5625,0.0,2.0,13.0,0.578125,0.07692307692307693,0.5,0.7058823529411765,False
0.5,0.5,-0.08,5,0.2,64.0,1.0461626007697589,0.6137540319799072,0.5625,0.5625,0.0,1.0,13.0,0.546875,0.0,0.0,0.6862745098039216,False
0.25,0.25,-0.12,3,0.35,64.0,1.0464554486758342,0.6119782003072542,0.5625,0.5625,0.0,2.0,13.0,0.578125,0.07692307692307693,0.5,0.7058823529411765,False
0.25,0.0,-0.12,5,0.35,64.0,1.0469360304203135,0.6117352995068442,0.5625,0.5625,0.0,3.0,13.0,0.578125,0.07692307692307693,0.3333333333333333,0.7058823529411765,False
0.5,0.25,-0.04,5,0.35,64.0,1.046988918100767,0.6142900734524633,0.5625,0.5625,0.0,0.0,13.0,0.5625,0.0,0.0,0.7058823529411765,False
0.25,0.0,-0.12,3,0.35,64.0,1.0470060655528886,0.6118771372331276,0.5625,0.5625,0.0,3.0,13.0,0.578125,0.07692307692307693,0.3333333333333333,0.7058823529411765,False
0.5,0.25,-0.08,5,0.2,64.0,1.0474175075988577,0.6141320500838159,0.5625,0.5625,0.0,1.0,13.0,0.546875,0.0,0.0,0.6862745098039216,False
0.5,0.5,-0.04,3,0.35,64.0,1.0480954523861152,0.6155183508203279,0.5625,0.5625,0.0,0.0,13.0,0.5625,0.0,0.0,0.7058823529411765,False
0.5,0.25,-0.04,3,0.35,64.0,1.048185101111391,0.6151677388119856,0.5625,0.5625,0.0,0.0,13.0,0.5625,0.0,0.0,0.7058823529411765,False
0.5,0.0,-0.04,5,0.35,64.0,1.0482620314275695,0.6146683249968528,0.5625,0.5625,0.0,0.0,13.0,0.5625,0.0,0.0,0.7058823529411765,False
0.5,0.5,-0.08,3,0.2,64.0,1.048334819219444,0.6153294155750954,0.5625,0.5625,0.0,1.0,13.0,0.546875,0.0,0.0,0.6862745098039216,False
0.5,0.0,-0.04,3,0.35,64.0,1.0484935881498034,0.614924806774059,0.5625,0.5625,0.0,0.0,13.0,0.5625,0.0,0.0,0.7058823529411765,False
0.5,0.25,-0.08,3,0.2,64.0,1.0486061778669666,0.6150756906523378,0.5625,0.5625,0.0,1.0,13.0,0.546875,0.0,0.0,0.6862745098039216,False
0.5,0.0,-0.08,5,0.2,64.0,1.048844673142029,0.6146298207500996,0.5625,0.5625,0.0,2.0,13.0,0.578125,0.07692307692307693,0.5,0.7058823529411765,False
0.5,0.0,-0.08,3,0.2,64.0,1.0490770707657036,0.614933791279187,0.5625,0.5625,0.0,2.0,13.0,0.578125,0.07692307692307693,0.5,0.7058823529411765,False
0.5,0.5,-0.08,5,0.35,64.0,1.0496317575415581,0.6146484660979759,0.5625,0.5625,0.0,0.0,13.0,0.5625,0.0,0.0,0.7058823529411765,False
0.5,0.5,-0.12,5,0.2,64.0,1.0504353297816689,0.6145647287779582,0.5625,0.5625,0.0,3.0,13.0,0.546875,0.07692307692307693,0.3333333333333333,0.6666666666666666,False
0.5,0.25,-0.08,5,0.35,64.0,1.0508311948114908,0.614986375872924,0.5625,0.5625,0.0,1.0,13.0,0.578125,0.07692307692307693,1.0,0.7058823529411765,False
0.75,0.5,0.0,5,0.2,64.0,1.051016869814032,0.6186352340398499,0.546875,0.546875,0.0,0.0,13.0,0.546875,0.0,0.0,0.6862745098039216,False
0.5,0.25,-0.12,5,0.2,64.0,1.0518025784361862,0.6150228684946388,0.5625,0.5625,0.0,4.0,13.0,0.546875,0.07692307692307693,0.25,0.6666666666666666,False
0.5,0.5,-0.08,3,0.35,64.0,1.0518249906097965,0.6161983482652366,0.5625,0.5625,0.0,0.0,13.0,0.5625,0.0,0.0,0.7058823529411765,False
0.75,0.25,0.0,5,0.2,64.0,1.052011902975583,0.6188173961379816,0.546875,0.546875,0.0,0.0,13.0,0.546875,0.0,0.0,0.6862745098039216,False
0.5,0.25,-0.08,3,0.35,64.0,1.0520244669001444,0.6159081827705002,0.5625,0.5625,0.0,1.0,13.0,0.578125,0.07692307692307693,1.0,0.7058823529411765,False
0.5,0.0,-0.08,5,0.35,64.0,1.0522018247173393,0.6154393689905462,0.5625,0.5625,0.0,1.0,13.0,0.578125,0.07692307692307693,1.0,0.7058823529411765,False
0.5,0.0,-0.08,3,0.35,64.0,1.052425077629096,0.6157241262021075,0.5625,0.5625,0.0,1.0,13.0,0.578125,0.07692307692307693,1.0,0.7058823529411765,False
0.5,0.5,-0.12,3,0.2,64.0,1.0526071026103268,0.6162023333630546,0.5625,0.5625,0.0,3.0,13.0,0.546875,0.07692307692307693,0.3333333333333333,0.6666666666666666,False
0.5,0.25,-0.12,3,0.2,64.0,1.0529868702843836,0.6160113015497599,0.5625,0.5625,0.0,4.0,13.0,0.546875,0.07692307692307693,0.25,0.6666666666666666,False
0.75,0.0,0.0,5,0.2,64.0,1.0532183219728963,0.6191245842853021,0.546875,0.546875,0.0,0.0,13.0,0.546875,0.0,0.0,0.6862745098039216,False
0.5,0.0,-0.12,5,0.2,64.0,1.0533243490279856,0.6155962182487797,0.5625,0.5625,0.0,5.0,13.0,0.53125,0.07692307692307693,0.2,0.6470588235294118,False
0.75,0.25,0.0,3,0.2,64.0,1.0534751027289007,0.6198221523988923,0.5625,0.5625,0.0,0.0,13.0,0.5625,0.0,0.0,0.7058823529411765,False
0.75,0.5,0.0,3,0.2,64.0,1.0534870189906933,0.6202206706469909,0.5625,0.5625,0.0,0.0,13.0,0.5625,0.0,0.0,0.7058823529411765,False
0.5,0.0,-0.12,3,0.2,64.0,1.053547121272331,0.6159292926508529,0.5625,0.5625,0.0,5.0,13.0,0.53125,0.07692307692307693,0.2,0.6470588235294118,False
0.75,0.0,0.0,3,0.2,64.0,1.0537064521137085,0.6195351725008006,0.5625,0.5625,0.0,0.0,13.0,0.5625,0.0,0.0,0.7058823529411765,False
0.5,0.5,-0.12,5,0.35,64.0,1.0539277792953188,0.6154304643217733,0.5625,0.5625,0.0,2.0,13.0,0.5625,0.07692307692307693,0.5,0.6862745098039216,False
0.75,0.5,-0.04,5,0.2,64.0,1.054276963054581,0.6191091747288886,0.546875,0.546875,0.0,0.0,13.0,0.546875,0.0,0.0,0.6862745098039216,False
0.75,0.5,0.0,5,0.35,64.0,1.0551016847695873,0.6196109685714375,0.5625,0.5625,0.0,0.0,13.0,0.5625,0.0,0.0,0.7058823529411765,False
0.5,0.25,-0.12,5,0.35,64.0,1.055245935237949,0.6158497815319831,0.5625,0.5625,0.0,2.0,13.0,0.5625,0.07692307692307693,0.5,0.6862745098039216,False
0.75,0.25,-0.04,5,0.2,64.0,1.0553756578167972,0.619363558489305,0.546875,0.546875,0.0,0.0,13.0,0.546875,0.0,0.0,0.6862745098039216,False
0.75,0.25,0.0,5,0.35,64.0,1.05602498056859,0.619752671504877,0.5625,0.5625,0.0,0.0,13.0,0.5625,0.0,0.0,0.7058823529411765,False
0.5,0.5,-0.12,3,0.35,64.0,1.0561215556597061,0.6170434085315121,0.5625,0.5625,0.0,2.0,13.0,0.5625,0.07692307692307693,0.5,0.6862745098039216,False
0.5,0.25,-0.12,3,0.35,64.0,1.056435725638461,0.6168166906974408,0.5625,0.5625,0.0,2.0,13.0,0.5625,0.07692307692307693,0.5,0.6862745098039216,False
0.75,0.0,-0.04,5,0.2,64.0,1.0566693350931033,0.6197399719939232,0.546875,0.546875,0.0,0.0,13.0,0.546875,0.0,0.0,0.6862745098039216,False
0.5,0.0,-0.12,5,0.35,64.0,1.0567181913965413,0.6163804424407111,0.5625,0.5625,0.0,3.0,13.0,0.5625,0.07692307692307693,0.3333333333333333,0.6862745098039216,False
0.75,0.5,-0.04,3,0.2,64.0,1.0567441618460198,0.6207692385116744,0.5625,0.5625,0.0,0.0,13.0,0.5625,0.0,0.0,0.7058823529411765,False
0.75,0.25,-0.04,3,0.2,64.0,1.0568319187532111,0.6204260586619903,0.5625,0.5625,0.0,0.0,13.0,0.5625,0.0,0.0,0.7058823529411765,False
0.5,0.0,-0.12,3,0.35,64.0,1.0569323786615237,0.6166940070815394,0.5625,0.5625,0.0,3.0,13.0,0.5625,0.07692307692307693,0.3333333333333333,0.6862745098039216,False
0.75,0.0,-0.04,3,0.2,64.0,1.0571456223499933,0.6201929201197449,0.5625,0.5625,0.0,0.0,13.0,0.5625,0.0,0.0,0.7058823529411765,False
0.75,0.0,0.0,5,0.35,64.0,1.057157638930409,0.6200132273365242,0.5625,0.5625,0.0,0.0,13.0,0.5625,0.0,0.0,0.7058823529411765,False
0.75,0.25,0.0,3,0.35,64.0,1.0574845920976903,0.6207228529918594,0.578125,0.578125,0.0,0.0,13.0,0.578125,0.0,0.0,0.7254901960784313,False
0.75,0.5,0.0,3,0.35,64.0,1.0575853827189658,0.621156413817316,0.578125,0.578125,0.0,0.0,13.0,0.578125,0.0,0.0,0.7254901960784313,False
0.75,0.0,0.0,3,0.35,64.0,1.057628272497161,0.6203936026061607,0.578125,0.578125,0.0,0.0,13.0,0.578125,0.0,0.0,0.7254901960784313,False
0.75,0.5,-0.08,5,0.2,64.0,1.058104469946418,0.6197458766906583,0.546875,0.546875,0.0,1.0,13.0,0.546875,0.0,0.0,0.6862745098039216,False
0.75,0.5,-0.04,5,0.35,64.0,1.0583785465640605,0.6200694639092791,0.5625,0.5625,0.0,0.0,13.0,0.5625,0.0,0.0,0.7058823529411765,False
0.75,0.25,-0.08,5,0.2,64.0,1.0593112720875804,0.6200757842330797,0.546875,0.546875,0.0,1.0,13.0,0.546875,0.0,0.0,0.6862745098039216,False
0.75,0.25,-0.04,5,0.35,64.0,1.0594115395866899,0.6202841885553932,0.5625,0.5625,0.0,0.0,13.0,0.5625,0.0,0.0,0.7058823529411765,False
0.75,0.5,-0.08,3,0.2,64.0,1.0605678579688895,0.6214822392706015,0.5625,0.5625,0.0,1.0,13.0,0.546875,0.0,0.0,0.6862745098039216,False
0.75,0.0,-0.04,5,0.35,64.0,1.0606380355954794,0.6206154382137797,0.5625,0.5625,0.0,0.0,13.0,0.5625,0.0,0.0,0.7058823529411765,False
0.75,0.0,-0.08,5,0.2,64.0,1.0606959129962044,0.6205240696329232,0.546875,0.546875,0.0,2.0,13.0,0.5625,0.07692307692307693,0.5,0.6862745098039216,False
0.75,0.25,-0.08,3,0.2,64.0,1.0607597229683425,0.6211972196539574,0.5625,0.5625,0.0,1.0,13.0,0.546875,0.0,0.0,0.6862745098039216,False
0.75,0.5,-0.04,3,0.35,64.0,1.0608604906631542,0.6216899517585509,0.578125,0.578125,0.0,0.0,13.0,0.578125,0.0,0.0,0.7254901960784313,False
0.75,0.25,-0.04,3,0.35,64.0,1.0608652857949172,0.6213121197763519,0.578125,0.578125,0.0,0.0,13.0,0.578125,0.0,0.0,0.7254901960784313,False
0.75,0.0,-0.04,3,0.35,64.0,1.0610975538411762,0.6210377031389206,0.578125,0.578125,0.0,0.0,13.0,0.578125,0.0,0.0,0.7254901960784313,False
0.75,0.0,-0.08,3,0.2,64.0,1.0611592331583957,0.6210202038574404,0.5625,0.5625,0.0,2.0,13.0,0.578125,0.07692307692307693,0.5,0.7058823529411765,False
0.75,0.5,-0.08,5,0.35,64.0,1.0622298867214226,0.620686420408955,0.5625,0.5625,0.0,0.0,13.0,0.5625,0.0,0.0,0.7058823529411765,False
0.75,0.5,-0.12,5,0.2,64.0,1.0625197685610042,0.6205453399251587,0.546875,0.546875,0.0,3.0,13.0,0.546875,0.07692307692307693,0.3333333333333333,0.6666666666666666,False
0.75,0.25,-0.08,5,0.35,64.0,1.0633771674272396,0.6209776505114648,0.5625,0.5625,0.0,1.0,13.0,0.578125,0.07692307692307693,1.0,0.7058823529411765,False
0.75,0.25,-0.12,5,0.2,64.0,1.0638395759794013,0.6209540733693055,0.546875,0.546875,0.0,4.0,13.0,0.546875,0.07692307692307693,0.25,0.6666666666666666,False
0.75,0.0,-0.08,5,0.35,64.0,1.064701394634181,0.6213824867216704,0.5625,0.5625,0.0,1.0,13.0,0.578125,0.07692307692307693,1.0,0.7058823529411765,False
0.75,0.5,-0.08,3,0.35,64.0,1.064709269341733,0.622383740675921,0.578125,0.578125,0.0,1.0,13.0,0.5625,0.0,0.0,0.7058823529411765,False
0.75,0.25,-0.08,3,0.35,64.0,1.0648242353391966,0.6220645767672428,0.578125,0.578125,0.0,1.0,13.0,0.59375,0.07692307692307693,1.0,0.7254901960784313,False
0.75,0.5,-0.12,3,0.2,64.0,1.0649782406602248,0.622359672923772,0.5625,0.5625,0.0,3.0,13.0,0.546875,0.07692307692307693,0.3333333333333333,0.6666666666666666,False
0.75,0.0,-0.08,3,0.35,64.0,1.0651487241520885,0.6218474512017842,0.578125,0.578125,0.0,1.0,13.0,0.59375,0.07692307692307693,1.0,0.7254901960784313,False
0.75,0.25,-0.12,3,0.2,64.0,1.065279185975677,0.6221356353747932,0.5625,0.5625,0.0,4.0,13.0,0.546875,0.07692307692307693,0.25,0.6666666666666666,False
0.75,0.0,-0.12,5,0.2,64.0,1.0653193015359168,0.6214768772023023,0.546875,0.546875,0.0,5.0,13.0,0.53125,0.07692307692307693,0.2,0.6470588235294118,False
0.75,0.0,-0.12,3,0.2,64.0,1.0657684379993206,0.6220170237138871,0.5625,0.5625,0.0,5.0,13.0,0.53125,0.07692307692307693,0.2,0.6470588235294118,False
1.0,0.5,0.0,5,0.2,64.0,1.0665968791570872,0.6263133993518942,0.546875,0.546875,0.0,0.0,13.0,0.546875,0.0,0.0,0.6862745098039216,False
0.75,0.5,-0.12,5,0.35,64.0,1.0666799887679579,0.6214618380704654,0.5625,0.5625,0.0,2.0,13.0,0.5625,0.07692307692307693,0.5,0.6862745098039216,False
1.0,0.25,0.0,5,0.2,64.0,1.067533326816788,0.6264511638745002,0.546875,0.546875,0.0,0.0,13.0,0.546875,0.0,0.0,0.6862745098039216,False
0.75,0.25,-0.12,5,0.35,64.0,1.0679466468999652,0.6218330573730915,0.5625,0.5625,0.0,2.0,13.0,0.5625,0.07692307692307693,0.5,0.6862745098039216,False
1.0,0.0,0.0,5,0.2,64.0,1.0686874594705806,0.6267119312106835,0.546875,0.546875,0.0,0.0,13.0,0.546875,0.0,0.0,0.6862745098039216,False
0.75,0.5,-0.12,3,0.35,64.0,1.069155739908228,0.6232377805694259,0.578125,0.578125,0.0,2.0,13.0,0.578125,0.07692307692307693,0.5,0.7058823529411765,False
1.0,0.25,0.0,3,0.2,64.0,1.0693461939306035,0.6276191509178318,0.5625,0.5625,0.0,0.0,13.0,0.5625,0.0,0.0,0.7058823529411765,False
0.75,0.0,-0.12,5,0.35,64.0,1.0693729609509013,0.622314372860196,0.5625,0.5625,0.0,3.0,13.0,0.5625,0.07692307692307693,0.3333333333333333,0.6862745098039216,False
0.75,0.25,-0.12,3,0.35,64.0,1.069386056930373,0.622980223964532,0.578125,0.578125,0.0,2.0,13.0,0.578125,0.07692307692307693,0.5,0.7058823529411765,False
1.0,0.5,0.0,3,0.2,64.0,1.0694518100554493,0.6280414260092037,0.5625,0.5625,0.0,0.0,13.0,0.5625,0.0,0.0,0.7058823529411765,False
1.0,0.0,0.0,3,0.2,64.0,1.0694930311140964,0.6273038576484063,0.5625,0.5625,0.0,0.0,13.0,0.5625,0.0,0.0,0.7058823529411765,False
0.75,0.0,-0.12,3,0.35,64.0,1.0698069375387238,0.6228228467947516,0.578125,0.578125,0.0,3.0,13.0,0.5625,0.07692307692307693,0.3333333333333333,0.6862745098039216,False
1.0,0.5,-0.04,5,0.2,64.0,1.0699939855687637,0.6268138446049782,0.546875,0.546875,0.0,0.0,13.0,0.546875,0.0,0.0,0.6862745098039216,False
1.0,0.25,-0.04,5,0.2,64.0,1.071034610187794,0.6270227773018219,0.546875,0.546875,0.0,0.0,13.0,0.546875,0.0,0.0,0.6862745098039216,False
1.0,0.5,0.0,5,0.35,64.0,1.0713908681892608,0.6273290191847644,0.5625,0.5625,0.0,0.0,13.0,0.5625,0.0,0.0,0.7058823529411765,False
1.0,0.25,0.0,5,0.35,64.0,1.0722497200632901,0.6274280458154446,0.5625,0.5625,0.0,0.0,13.0,0.5625,0.0,0.0,0.7058823529411765,False
1.0,0.0,-0.04,5,0.2,64.0,1.072276364899563,0.6273518816050939,0.546875,0.546875,0.0,0.0,13.0,0.546875,0.0,0.0,0.6862745098039216,False
1.0,0.25,-0.04,3,0.2,64.0,1.0728370339650355,0.6282630455631947,0.5625,0.5625,0.0,0.0,13.0,0.5625,0.0,0.0,0.7058823529411765,False
1.0,0.5,-0.04,3,0.2,64.0,1.0728424831498988,0.6286313767072095,0.5625,0.5625,0.0,0.0,13.0,0.5625,0.0,0.0,0.7058823529411765,False
1.0,0.0,-0.04,3,0.2,64.0,1.0730664899845546,0.6280003444275486,0.5625,0.5625,0.0,0.0,13.0,0.5625,0.0,0.0,0.7058823529411765,False
1.0,0.0,0.0,5,0.35,64.0,1.0733244651610467,0.6276438492871315,0.5625,0.5625,0.0,0.0,13.0,0.5625,0.0,0.0,0.7058823529411765,False
1.0,0.5,-0.08,5,0.2,64.0,1.0739856771186111,0.627472553363019,0.546875,0.546875,0.0,1.0,13.0,0.546875,0.0,0.0,0.6862745098039216,False
1.0,0.25,0.0,3,0.35,64.0,1.074050895716206,0.6285482104007862,0.578125,0.578125,0.0,0.0,13.0,0.578125,0.0,0.0,0.7254901960784313,False
1.0,0.0,0.0,3,0.35,64.0,1.0741036309872198,0.628192970989773,0.578125,0.578125,0.0,0.0,13.0,0.578125,0.0,0.0,0.7254901960784313,False
1.0,0.5,0.0,3,0.35,64.0,1.0742521620703023,0.6290030360224159,0.578125,0.578125,0.0,0.0,13.0,0.578125,0.0,0.0,0.7254901960784313,False
1.0,0.5,-0.04,5,0.35,64.0,1.0748122663023936,0.6278173668260347,0.5625,0.5625,0.0,0.0,13.0,0.5625,0.0,0.0,0.7058823529411765,False
1.0,0.25,-0.08,5,0.2,64.0,1.0751351654498944,0.6277559198563505,0.546875,0.546875,0.0,1.0,13.0,0.546875,0.0,0.0,0.6862745098039216,False
1.0,0.25,-0.04,5,0.35,64.0,1.07578127031437,0.6279882678010199,0.5625,0.5625,0.0,0.0,13.0,0.5625,0.0,0.0,0.7058823529411765,False
1.0,0.0,-0.08,5,0.2,64.0,1.0764684494242798,0.6281559904018958,0.546875,0.546875,0.0,1.0,13.0,0.546875,0.0,0.0,0.6862745098039216,False
1.0,0.5,-0.08,3,0.2,64.0,1.0768264529326086,0.6293815697642867,0.5625,0.5625,0.0,1.0,13.0,0.5625,0.0,0.0,0.7058823529411765,False
1.0,0.25,-0.08,3,0.2,64.0,1.076925865707201,0.6290699577962197,0.5625,0.5625,0.0,1.0,13.0,0.5625,0.0,0.0,0.7058823529411765,False
1.0,0.0,-0.04,5,0.35,64.0,1.076950147299529,0.6282737799387428,0.5625,0.5625,0.0,0.0,13.0,0.5625,0.0,0.0,0.7058823529411765,False
1.0,0.0,-0.08,3,0.2,64.0,1.0772415981517172,0.6288621049268595,0.5625,0.5625,0.0,1.0,13.0,0.546875,0.0,0.0,0.6862745098039216,False
1.0,0.25,-0.04,3,0.35,64.0,1.0775733289304925,0.6291805224668783,0.578125,0.578125,0.0,0.0,13.0,0.578125,0.0,0.0,0.7254901960784313,False
1.0,0.5,-0.04,3,0.35,64.0,1.077668589156058,0.6295811158813877,0.578125,0.578125,0.0,0.0,13.0,0.578125,0.0,0.0,0.7254901960784313,False
1.0,0.0,-0.04,3,0.35,64.0,1.077714830016378,0.6288787592298609,0.578125,0.578125,0.0,0.0,13.0,0.578125,0.0,0.0,0.7254901960784313,False
1.0,0.5,-0.12,5,0.2,64.0,1.0786005948103816,0.6282895256260164,0.546875,0.546875,0.0,3.0,13.0,0.515625,0.0,0.0,0.6470588235294118,False
1.0,0.5,-0.08,5,0.35,64.0,1.0788376648662337,0.6284598155742857,0.5625,0.5625,0.0,0.0,13.0,0.5625,0.0,0.0,0.7058823529411765,False
1.0,0.25,-0.12,5,0.2,64.0,1.0798641762552748,0.6286505915380861,0.546875,0.546875,0.0,4.0,13.0,0.515625,0.0,0.0,0.6470588235294118,False
1.0,0.25,-0.08,5,0.35,64.0,1.0799216729624517,0.628706031834836,0.5625,0.5625,0.0,0.0,13.0,0.5625,0.0,0.0,0.7058823529411765,False
1.0,0.0,-0.08,5,0.35,64.0,1.0811887956479707,0.6290641217005953,0.5625,0.5625,0.0,0.0,13.0,0.5625,0.0,0.0,0.7058823529411765,False
1.0,0.0,-0.12,5,0.2,64.0,1.0812933942350256,0.6291242576010895,0.546875,0.546875,0.0,5.0,13.0,0.5,0.0,0.0,0.6274509803921569,False
1.0,0.5,-0.12,3,0.2,64.0,1.0814320673420028,0.6302920051804355,0.5625,0.5625,0.0,3.0,13.0,0.53125,0.0,0.0,0.6666666666666666,False
1.0,0.25,-0.12,3,0.2,64.0,1.0816416709088843,0.6300398876169068,0.5625,0.5625,0.0,4.0,13.0,0.515625,0.0,0.0,0.6470588235294118,False
1.0,0.5,-0.08,3,0.35,64.0,1.0816877934108795,0.6303153866313499,0.578125,0.578125,0.0,1.0,13.0,0.5625,0.0,0.0,0.7058823529411765,False
1.0,0.25,-0.08,3,0.35,64.0,1.0817034071700573,0.6299719124773862,0.578125,0.578125,0.0,0.0,13.0,0.578125,0.0,0.0,0.7254901960784313,False
1.0,0.0,-0.08,3,0.35,64.0,1.0819375319434794,0.629726051560148,0.578125,0.578125,0.0,0.0,13.0,0.578125,0.0,0.0,0.7254901960784313,False
1.0,0.0,-0.12,3,0.2,64.0,1.082047905416483,0.629889139146339,0.5625,0.5625,0.0,5.0,13.0,0.5,0.0,0.0,0.6274509803921569,False
1.0,0.5,-0.12,5,0.35,64.0,1.0835008705643732,0.629256365429517,0.5625,0.5625,0.0,2.0,13.0,0.546875,0.0,0.0,0.6862745098039216,False
1.0,0.25,-0.12,5,0.35,64.0,1.0847053375212303,0.629581337916893,0.5625,0.5625,0.0,2.0,13.0,0.546875,0.0,0.0,0.6862745098039216,False
1.0,0.0,-0.12,5,0.35,64.0,1.0860753758028128,0.630014874572689,0.5625,0.5625,0.0,3.0,13.0,0.53125,0.0,0.0,0.6666666666666666,False
1.0,0.5,-0.12,3,0.35,64.0,1.0863432696553685,0.6312058482723024,0.578125,0.578125,0.0,2.0,13.0,0.546875,0.0,0.0,0.6862745098039216,False
1.0,0.25,-0.12,3,0.35,64.0,1.0864753305632553,0.6309223804323099,0.578125,0.578125,0.0,2.0,13.0,0.546875,0.0,0.0,0.6862745098039216,False
1.0,0.0,-0.12,3,0.35,64.0,1.086806572663128,0.6307348479806344,0.578125,0.578125,0.0,3.0,13.0,0.53125,0.0,0.0,0.6666666666666666,False
